"TimeString";"Temp_hum_estatico";"Temp_sec_estatico"
"2021-04-21 16:18:25";26,9694;51,77409
"2021-04-21 16:19:25";26,73069;51,96397
"2021-04-21 16:20:25";27,05078;52,17556
"2021-04-21 16:21:25";27,24067;53,9822
"2021-04-21 16:22:25";27,2678;53,75434
"2021-04-21 16:23:25";28,56988;52,70725
"2021-04-21 16:24:25";27,83203;52,398
"2021-04-21 16:25:25";27,18641;50,91689
"2021-04-21 16:26:25";27,19727;51,46484
"2021-04-21 16:27:25";26,64931;51,1773
"2021-04-21 16:28:25";26,86089;50,86263
"2021-04-21 16:29:25";26,57335;49,58767
"2021-04-21 16:30:25";26,66558;49,05056
"2021-04-21 16:31:25";26,53537;48,77387
"2021-04-21 16:32:25";26,48112;48,20964
"2021-04-21 16:33:25";26,53537;48,37239
"2021-04-21 16:34:25";26,20443;47,44466
"2021-04-21 16:35:25";25,99284;48,86068
"2021-04-21 16:36:25";26,00369;48,16623
"2021-04-21 16:37:25";25,67817;46,45725
"2021-04-21 16:38:25";25,66189;46,95638
"2021-04-21 16:39:25";25,77583;46,93468
"2021-04-21 16:40:25";25,83008;46,97266
"2021-04-21 16:41:25";26,04167;47,05404
"2021-04-21 16:42:25";24,69076;42,52387
"2021-04-21 16:43:25";25,86806;29,6658
"2021-04-21 16:44:25";26,06879;31,03299
"2021-04-21 16:45:25";26,37261;36,42036
"2021-04-21 16:46:25";25,56966;38,227
"2021-04-21 16:47:25";25,24414;38,30295
"2021-04-21 16:48:25";25,8355;39,48568
"2021-04-21 16:49:25";25,21159;38,67188
"2021-04-21 16:50:25";25,23872;38,82921
"2021-04-21 16:51:25";25,37977;39,29579
"2021-04-21 16:52:25";25,4503;42,98503
"2021-04-21 16:53:25";25,3635;44,08095
"2021-04-21 16:54:25";25,3635;46,39214
"2021-04-21 16:55:25";25,15191;44,24913
"2021-04-21 16:56:25";25,24414;44,477
"2021-04-21 16:57:25";25,0217;43,86393
"2021-04-21 16:58:25";25;43,4299
"2021-04-21 16:59:25";25,25499;43,89648
"2021-04-21 17:00:25";24,80469;44,44987
"2021-04-21 17:01:25";24,82639;43,64692
"2021-04-21 17:02:25";23,73589;39,20898
"2021-04-21 17:03:25";24,41406;27,6747
"2021-04-21 17:04:25";24,47917;26,57335
"2021-04-21 17:05:25";24,78299;28,52648
"2021-04-21 17:06:25";24,76671;29,77431
"2021-04-21 17:07:25";24,6148;30,20291
"2021-04-21 17:08:25";24,82639;31,07639
"2021-04-21 17:09:25";24,70161;31,83051
"2021-04-21 17:10:25";24,60938;37,0714
"2021-04-21 17:11:25";25,58051;43,41363
"2021-04-21 17:12:25";25,89518;45,01411
"2021-04-21 17:13:25";26,16102;46,5115
"2021-04-21 17:14:25";26,12847;45,82248
"2021-04-21 17:15:25";25,97114;46,90213
"2021-04-21 17:16:25";25,82465;47,80816
"2021-04-21 17:17:25";25,79753;47,2819
"2021-04-21 17:18:25";25,79753;47,24392
"2021-04-21 17:19:25";25,88433;46,08833
"2021-04-21 17:20:25";25,84093;45,52409
"2021-04-21 17:21:25";25,7487;46,54948
"2021-04-21 17:22:25";23,63824;41,96506
"2021-04-21 17:23:25";25,08138;29,92622
"2021-04-21 17:24:25";25,20074;29,07986
"2021-04-21 17:25:25";25,30924;34,3316
"2021-04-21 17:26:25";24,98372;34,40755
"2021-04-21 17:27:25";24,77213;34,74935
"2021-04-21 17:28:25";24,91319;34,26107
"2021-04-21 17:29:25";24,72331;34,49436
"2021-04-21 17:30:25";24,66905;33,61545
"2021-04-21 17:31:25";25,0434;35,81272
"2021-04-21 17:32:25";25,61849;36,12196
"2021-04-21 17:33:25";25,55881;35,57943
"2021-04-21 17:34:25";25,15734;35,09114
"2021-04-21 17:35:25";25,64019;41,81315
"2021-04-21 17:36:25";25,63477;43,33767
"2021-04-21 17:37:25";25,29297;43,67405
"2021-04-21 17:38:25";25,39063;43,88021
"2021-04-21 17:39:25";25,50998;43,88021
"2021-04-21 17:40:25";25,58051;42,98503
"2021-04-21 17:41:25";25,39063;43,4082
"2021-04-21 17:42:25";23,12283;40,2181
"2021-04-21 17:43:25";24,14822;27,38173
"2021-04-21 17:44:25";24,58225;27,59332
"2021-04-21 17:45:25";24,9349;29,79058
"2021-04-21 17:46:25";24,91862;30,92448
"2021-04-21 17:47:25";25,18446;32,38932
"2021-04-21 17:48:25";25,0217;37,76584
"2021-04-21 17:49:25";24,91862;40,69553
"2021-04-21 17:50:25";25,15191;42,08442
"2021-04-21 17:51:25";24,90777;42,31771
"2021-04-21 17:52:25";24,94575;42,52387
"2021-04-21 17:53:25";24,76671;42,35026
"2021-04-21 17:54:25";24,77756;42,22005
"2021-04-21 17:55:25";24,91862;41,8674
"2021-04-21 17:56:25";24,64193;42,22548
"2021-04-21 17:57:25";24,88607;42,00846
"2021-04-21 17:58:25";24,66905;40,99392
"2021-04-21 17:59:25";24,34896;41,3737
"2021-04-21 18:00:24";24,62023;41,82943
"2021-04-21 18:01:24";24,11567;40,88542
"2021-04-21 18:02:24";22,30903;37,71159
"2021-04-21 18:03:24";23,3724;27,30035
"2021-04-21 18:04:24";23,22049;25,03798
"2021-04-21 18:05:24";23,96918;27,57162
"2021-04-21 18:06:24";23,70877;29,64952
"2021-04-21 18:07:24";23,85525;30,69119
"2021-04-21 18:08:24";24,39236;31,62977
"2021-04-21 18:09:24";24,83724;34,11458
"2021-04-21 18:10:24";24,97287;38,06424
"2021-04-21 18:11:24";25,07595;38,44401
"2021-04-21 18:12:24";25,17361;38,15647
"2021-04-21 18:13:24";24,56055;38,67188
"2021-04-21 18:14:24";24,84809;39,10048
"2021-04-21 18:15:24";24,60395;39,93056
"2021-04-21 18:16:24";24,41949;39,15473
"2021-04-21 18:17:24";24,63108;38,81836
"2021-04-21 18:18:24";24,34353;38,94314
"2021-04-21 18:19:24";23,99631;39,21441
"2021-04-21 18:20:24";24,14822;39,90886
"2021-04-21 18:21:24";24,06684;40,86914
"2021-04-21 18:22:24";21,79362;38,11849
"2021-04-21 18:23:24";22,94922;26,94227
"2021-04-21 18:24:24";23,39952;26,32378
"2021-04-21 18:25:24";24,08854;27,84831
"2021-04-21 18:26:24";24,71788;28,38542
"2021-04-21 18:27:24";24,72331;28,59158
"2021-04-21 18:28:24";24,38694;30,22461
"2021-04-21 18:29:24";24,33268;36,7079
"2021-04-21 18:30:24";24,09939;37,71159
"2021-04-21 18:31:24";24,32183;37,32639
"2021-04-21 18:32:24";24,07769;37,0931
"2021-04-21 18:33:24";23,92578;36,7296
"2021-04-21 18:34:24";24,10482;36,7296
"2021-04-21 18:35:24";24,31641;37,06597
"2021-04-21 18:36:24";24,01259;36,93034
"2021-04-21 18:37:24";23,96376;36,7296
"2021-04-21 18:38:24";24,44119;37,23416
"2021-04-21 18:39:24";23,73589;37,19075
"2021-04-21 18:40:24";23,65451;37,8418
"2021-04-21 18:41:24";23,47548;37,28841
"2021-04-21 18:42:24";21,57661;36,6645
"2021-04-21 18:43:24";22,42296;26,50825
"2021-04-21 18:44:24";23,23134;26,38346
"2021-04-21 18:45:24";23,4809;27,16471
"2021-04-21 18:46:24";23,33984;27,78863
"2021-04-21 18:47:24";23,73589;28,71636
"2021-04-21 18:48:24";23,80642;28,75977
"2021-04-21 18:49:24";23,69249;28,27148
"2021-04-21 18:50:24";23,70877;28,58073
"2021-04-21 18:51:24";23,57313;28,8737
"2021-04-21 18:52:24";23,47548;29,62782
"2021-04-21 18:53:24";23,86068;31,39106
"2021-04-21 18:54:24";23,47005;37,50542
"2021-04-21 18:55:24";23,58398;38,91602
"2021-04-21 18:56:24";23,69249;39,10048
"2021-04-21 18:57:24";23,69792;38,00998
"2021-04-21 18:58:24";23,62739;38,19444
"2021-04-21 18:59:24";23,38325;38,19987
"2021-04-21 19:00:23";23,56228;37,85807
"2021-04-21 19:01:23";23,5026;38,14019
"2021-04-21 19:02:23";21,1697;35,68251
"2021-04-21 19:03:23";22,2819;26,27496
"2021-04-21 19:04:23";22,7105;25,78667
"2021-04-21 19:05:23";23,1174;25,8355
"2021-04-21 19:06:23";23,25304;26,16102
"2021-04-21 19:07:23";23,16623;25,55881
"2021-04-21 19:08:23";22,97635;25,7053
"2021-04-21 19:09:24";22,96007;26,31836
"2021-04-21 19:10:23";22,99262;30,5447
"2021-04-21 19:11:23";23,0089;34,12543
"2021-04-21 19:12:23";23,15538;34,90126
"2021-04-21 19:13:23";23,09028;34,27192
"2021-04-21 19:14:23";22,80273;34,40213
"2021-04-21 19:15:23";22,54232;34,34245
"2021-04-21 19:16:23";22,76476;34,92839
"2021-04-21 19:17:23";22,79188;34,98264
"2021-04-21 19:18:23";23,00347;34,92839
"2021-04-21 19:19:23";22,98177;35,11285
"2021-04-21 19:20:23";23,01975;35,37326
"2021-04-21 19:21:23";23,01432;34,54319
"2021-04-21 19:22:23";22,6671;34,61914
"2021-04-21 19:23:23";22,67795;34,86328
"2021-04-21 19:24:23";22,79188;35,30273
"2021-04-21 19:25:23";22,78646;35,05317
"2021-04-21 19:26:23";22,63455;34,71137
"2021-04-21 19:27:23";22,31445;34,35872
"2021-04-21 19:28:23";21,9184;33,6697
"2021-04-21 19:29:24";21,875;33,06749
"2021-04-21 19:30:23";21,83702;32,67686
"2021-04-21 19:31:23";21,8099;32,09093
"2021-04-21 19:32:23";21,54948;32,38932
"2021-04-21 19:33:23";21,43012;32,42188
"2021-04-21 19:34:23";21,13173;32,0204
"2021-04-21 19:35:23";21,43555;31,43989
"2021-04-21 19:36:23";21,02865;31,6352
"2021-04-21 19:37:23";20,96897;31,42361
"2021-04-21 19:38:23";20,7411;31,21202
"2021-04-21 19:39:23";20,32878;30,80512
"2021-04-21 19:40:23";20,57292;30,89735
"2021-04-21 19:41:23";20,41558;30,59896
"2021-04-21 19:42:23";19,95443;28,8737
"2021-04-21 19:43:23";19,99783;21,97266
"2021-04-21 19:44:23";20,21484;22,18967
"2021-04-21 19:45:23";20,24197;21,88042
"2021-04-21 19:46:23";20,27452;21,75564
"2021-04-21 19:47:23";20,35048;21,79362
"2021-04-21 19:48:24";19,477;21,86415
"2021-04-21 19:49:23";20,06293;22,37956
"2021-04-21 19:50:23";19,69401;21,64713
"2021-04-21 19:51:23";19,80252;21,46267
"2021-04-21 19:52:23";19,1135;21,39214
"2021-04-21 19:53:23";19,23828;22,27648
"2021-04-21 19:54:23";19,38477;22,6671
"2021-04-21 19:55:23";19,46072;25,50998
"2021-04-21 19:56:23";19,34136;28,49392
"2021-04-21 19:57:23";19,1786;28,1901
"2021-04-21 19:58:23";19,29253;28,1467
"2021-04-21 19:59:23";19,35221;27,6747
"2021-04-21 20:00:23";19,28711;28,00022
"2021-04-21 20:01:23";19,34679;28,27691
"2021-04-21 20:02:23";18,99414;27,70725
"2021-04-21 20:03:23";19,09722;21,8967
"2021-04-21 20:04:23";19,24371;21,71766
"2021-04-21 20:05:23";19,50412;21,60373
"2021-04-21 20:06:23";19,5855;21,76107
"2021-04-21 20:07:23";19,43902;21,22938
"2021-04-21 20:08:23";19,31424;22,24935
"2021-04-21 20:09:23";19,12977;22,97635
"2021-04-21 20:10:23";19,41189;23,92578
"2021-04-21 20:11:23";19,37934;23,76302
"2021-04-21 20:12:23";19,54753;23,74132
"2021-04-21 20:13:23";19,50412;23,95833
"2021-04-21 20:14:23";19,31966;23,76302
"2021-04-21 20:15:23";19,477;23,5026
"2021-04-21 20:16:23";19,18403;23,12283
"2021-04-21 20:17:23";19,55838;23,58941
"2021-04-21 20:18:23";18,97787;23,4809
"2021-04-21 20:19:23";19,14063;23,3941
"2021-04-21 20:20:23";18,79883;22,97635
"2021-04-21 20:21:23";18,83138;22,98177
"2021-04-21 20:22:23";18,53841;22,81901
"2021-04-21 20:23:23";18,89106;21,09375
"2021-04-21 20:24:23";18,3648;20,2474
"2021-04-21 20:25:23";18,51671;20,48611
"2021-04-21 20:26:23";18,53841;20,86588
"2021-04-21 20:27:23";18,89106;21,58203
"2021-04-21 20:28:23";18,58181;22,17882
"2021-04-21 20:29:23";19,15148;22,87326
"2021-04-21 20:30:23";18,88021;22,96007
"2021-04-21 20:31:23";19,48242;24,68533
"2021-04-21 20:32:23";19,56923;27,46311
"2021-04-21 20:33:23";20,50781;30,92448
"2021-04-21 20:34:23";21,13173;32,58464
"2021-04-21 20:35:23";21,59831;33,15972
"2021-04-21 20:36:23";21,99978;34,11458
"2021-04-21 20:37:23";22,51519;35,68793
"2021-04-21 20:38:23";23,45378;35,5523
"2021-04-21 20:39:23";24,42491;42,51845
"2021-04-21 20:40:23";25,63477;46,75022
"2021-04-21 20:41:23";24,64193;43,65777
"2021-04-21 20:42:23";25,20616;47,36871
"2021-04-21 20:43:23";27,72895;54,50304
"2021-04-21 20:44:23";28,68381;58,27365
"2021-04-21 20:45:23";29,03103;60,5089
"2021-04-21 20:46:23";29,01476;60,68793
"2021-04-21 20:47:23";29,03103;60,90495
"2021-04-21 20:48:23";29,11784;60,66623
"2021-04-21 20:49:23";28,94423;60,15625
"2021-04-21 20:50:23";29,03103;59,92839
"2021-04-21 20:51:23";28,75434;59,70595
"2021-04-21 20:52:23";28,79774;59,09831
"2021-04-21 20:53:23";28,79232;58,5178
"2021-04-21 20:54:23";28,4885;58,20313
"2021-04-21 20:55:23";28,49392;57,59006
"2021-04-21 20:56:23";28,10872;57,51411
"2021-04-21 20:57:23";28,43967;57,18316
"2021-04-21 20:58:23";28,23893;56,91732
"2021-04-21 20:59:23";27,98394;56,2717
"2021-04-21 21:00:23";27,62044;56,06011
"2021-04-21 21:01:23";27,51194;55,69119
"2021-04-21 21:02:23";27,62044;55,34939
"2021-04-21 21:03:23";27,31662;54,75261
"2021-04-21 21:04:23";27,16471;53,77604
"2021-04-21 21:05:23";26,95313;53,18468
"2021-04-21 21:06:23";28,65668;59,20139
"2021-04-21 21:07:23";31,91732;68,25629
"2021-04-21 21:08:23";32,79622;72,09201
"2021-04-21 21:09:23";31,11979;69,10807
"2021-04-21 21:10:23";31,52127;71,26736
"2021-04-21 21:11:23";31,14149;70,50781
"2021-04-21 21:12:23";31,75456;71,70139
"2021-04-21 21:13:23";31,17405;70,45898
"2021-04-21 21:14:23";30,44162;67,81684
"2021-04-21 21:15:23";31,42361;71,05035
"2021-04-21 21:16:23";31,66775;71,57118
"2021-04-21 21:17:23";31,82509;71,94553
"2021-04-21 21:18:23";31,14149;66,57986
"2021-04-21 21:19:23";34,8036;76,51367
"2021-04-21 21:20:23";29,74175;65,71181
"2021-04-21 21:21:23";32,31337;75,69444
"2021-04-21 21:22:23";30,5013;71,07748
"2021-04-21 21:23:23";32,73112;76,37261
"2021-04-21 21:24:23";30,98416;72,81358
"2021-04-21 21:25:23";30,74002;72,36328
"2021-04-21 21:26:23";30,71289;69,96528
"2021-04-21 21:27:23";30,9082;72,75391
"2021-04-21 21:28:23";30,60981;69,76997
"2021-04-21 21:29:23";32,58464;74,19162
"2021-04-21 21:30:23";28,62956;61,94119
"2021-04-21 21:31:23";32,55751;75,23872
"2021-04-21 21:32:23";30,27344;68,66862
"2021-04-21 21:33:23";31,51042;73,27474
"2021-04-21 21:34:23";31,57552;69,92188
"2021-04-21 21:35:23";31,26085;72,16254
"2021-04-21 21:36:23";30,523;69,44444
"2021-04-21 21:37:23";32,449;78,20638
"2021-04-21 21:38:23";30,44162;68,98872
"2021-04-21 21:39:23";29,17752;63,51997
"2021-04-21 21:40:23";31,64063;73,33984
"2021-04-21 21:41:23";29,98589;66,25977
"2021-04-21 21:42:23";31,27713;71,78277
"2021-04-21 21:43:23";32,15061;76,26953
"2021-04-21 21:44:23";30,60438;67,86024
"2021-04-21 21:45:23";32,48698;74,77213
"2021-04-21 21:46:23";30,74544;70,15517
"2021-04-21 21:47:23";32,23199;74,73416
"2021-04-21 21:48:23";31,11979;69,89474
"2021-04-21 21:49:23";30,53385;66,87826
"2021-04-21 21:50:23";31,68403;72,36328
"2021-04-21 21:51:23";32,02583;73,4375
"2021-04-21 21:52:23";32,11806;72,85156
"2021-04-21 21:53:23";31,96072;72,50977
"2021-04-21 21:54:23";32,14518;72,75933
"2021-04-21 21:55:23";31,88477;71,94553
"2021-04-21 21:56:23";31,74913;71,56576
"2021-04-21 21:57:23";31,73828;70,66515
"2021-04-21 21:58:23";31,41819;69,69943
"2021-04-21 21:59:23";31,33138;68,75542
"2021-04-21 22:00:22";31,26085;68,15321
"2021-04-21 22:01:22";30,9299;67,4642
"2021-04-21 22:02:22";31,23372;66,71549
"2021-04-21 22:03:22";30,87565;66,05903
"2021-04-21 22:04:22";30,79427;65,59787
"2021-04-21 22:05:22";30,5013;65,44596
"2021-04-21 22:06:22";30,60981;65,78776
"2021-04-21 22:07:22";30,51758;65,22895
"2021-04-21 22:08:22";30,28429;64,13846
"2021-04-21 22:09:22";30,22461;63,51997
"2021-04-21 22:10:22";30,1161;62,8418
"2021-04-21 22:11:22";30,12153;62,38064
"2021-04-21 22:12:22";30,0727;62,028
"2021-04-21 22:13:22";29,81228;61,93034
"2021-04-21 22:14:22";29,84484;61,88694
"2021-04-21 22:15:22";29,83941;61,91406
"2021-04-21 22:16:22";29,69292;61,7296
"2021-04-21 22:17:22";30,0727;61,89236
"2021-04-21 22:18:22";29,77431;61,61024
"2021-04-21 22:19:22";29,75803;61,19792
"2021-04-21 22:20:22";29,6224;60,58485
"2021-04-21 22:21:22";29,30773;59,78733
"2021-04-21 22:22:22";29,38368;59,27734
"2021-04-21 22:23:22";29,17209;58,70226
"2021-04-21 22:24:22";28,83572;57,78537
"2021-04-21 22:25:22";28,852;57,24284
"2021-04-21 22:26:22";28,48307;56,98242
"2021-04-21 22:27:22";28,33659;56,15234
"2021-04-21 22:28:22";28,1467;55,39822
"2021-04-21 22:29:22";27,91884;55,09983
"2021-04-21 22:30:22";28,05447;55,01302
"2021-04-21 22:31:22";27,91884;55,051
"2021-04-21 22:32:22";28,01107;54,44336
"2021-04-21 22:33:22";27,6964;54,12869
"2021-04-21 22:34:22";27,57704;53,68924
"2021-04-21 22:35:22";27,49566;53,34201
"2021-04-21 22:36:22";27,32205;52,95681
"2021-04-21 22:37:22";27,30035;52,50651
"2021-04-21 22:38:22";27,27865;52,26237
"2021-04-21 22:39:22";27,07791;51,79036
"2021-04-21 22:40:22";27,02365;51,55165
"2021-04-21 22:41:22";26,95313;51,57335
"2021-04-21 22:42:22";26,926;51,27496
"2021-04-21 22:43:22";26,86089;51,01454
"2021-04-21 22:44:22";26,95313;51,25868
"2021-04-21 22:45:22";26,8826;51,32921
"2021-04-21 22:46:22";26,80122;50,86263
"2021-04-21 22:47:22";26,70898;50,60221
"2021-04-21 22:48:22";26,80122;50,3635
"2021-04-21 22:49:22";26,52995;49,82096
"2021-04-21 22:50:22";26,43772;49,50629
"2021-04-21 22:51:22";26,45399;49,35981
"2021-04-21 22:52:22";26,32378;48,73047
"2021-04-21 22:53:22";26,09592;48,28559
"2021-04-21 22:54:22";26,16102;49,07227
"2021-04-21 22:55:22";26,18815;50,43403
"2021-04-21 22:56:22";26,1556;48,95291
"2021-04-21 22:57:22";26,2207;48,57314
"2021-04-21 22:58:22";26,1773;48,20421
"2021-04-21 22:59:22";26,04709;47,9872
"2021-04-21 23:00:21";25,97656;47,55317
"2021-04-21 23:01:21";25,7053;47,31988
"2021-04-21 23:02:21";25,74327;47,08116
"2021-04-21 23:03:21";25,61306;46,67426
"2021-04-21 23:04:21";25,55881;46,30534
"2021-04-21 23:05:21";25,30924;45,92556
"2021-04-21 23:06:21";25,4286;45,94184
"2021-04-21 23:07:21";25,26584;45,80621
"2021-04-21 23:08:21";25,3418;45,60547
"2021-04-21 23:09:21";25,29839;45,62717
"2021-04-21 23:10:21";25,23329;45,55122
"2021-04-21 23:11:21";25,29839;45,60547
"2021-04-21 23:12:21";25,35265;45,74653
"2021-04-21 23:13:21";25,39605;45,90929
"2021-04-21 23:14:21";25,23872;45,71397
"2021-04-21 23:15:21";25,30924;45,82248
"2021-04-21 23:16:21";25,3418;45,6543
"2021-04-21 23:17:21";25,36892;45,83333
"2021-04-21 23:18:21";25,32552;45,84418
"2021-04-21 23:19:22";25,17904;45,39931
"2021-04-21 23:20:22";25,27127;45,46441
"2021-04-21 23:21:22";25,3418;45,62717
"2021-04-21 23:22:21";25,66189;47,14627
"2021-04-21 23:23:21";26,27496;49,35439
"2021-04-21 23:24:21";27,30035;52,60959
"2021-04-21 23:25:21";28,30404;56,23915
"2021-04-21 23:26:21";29,20464;59,46181
"2021-04-21 23:27:21";30,04015;62,77127
"2021-04-21 23:28:21";30,44705;64,0625
"2021-04-21 23:29:21";30,70747;64,95768
"2021-04-21 23:30:21";31,01671;65,89627
"2021-04-21 23:31:21";31,19575;66,44965
"2021-04-21 23:32:21";31,2934;66,81857
"2021-04-21 23:33:21";31,52669;67,43707
"2021-04-21 23:34:21";31,6352;68,18576
"2021-04-21 23:35:21";30,20291;63,12934
"2021-04-21 23:36:21";31,15777;66,40625
"2021-04-21 23:37:21";31,57552;68,39193
"2021-04-21 23:38:21";31,9553;69,24371
"2021-04-21 23:39:22";32,18858;69,89474
"2021-04-21 23:40:22";32,12348;69,22743
"2021-04-21 23:41:22";30,23003;62,40234
"2021-04-21 23:42:21";31,25542;65,6901
"2021-04-21 23:43:21";32,0638;68,75
"2021-04-21 23:44:21";32,28082;69,84049
"2021-04-21 23:45:21";31,9553;69,8839
"2021-04-21 23:46:21";30,73459;66,57443
"2021-04-21 23:47:21";31,72201;70,01953
"2021-04-21 23:48:21";31,33138;66,98676
"2021-04-21 23:49:21";31,93902;70,20942
"2021-04-21 23:50:21";31,28798;67,73546
"2021-04-21 23:51:21";31,6569;67,54557
"2021-04-21 23:52:21";30,76172;64,99566
"2021-04-21 23:53:21";31,42361;67,34483
"2021-04-21 23:54:21";31,64063;68,87479
"2021-04-21 23:55:21";30,44162;63,46029
"2021-04-21 23:56:21";31,54839;68,03385
"2021-04-21 23:57:21";31,69488;68,60894
"2021-04-21 23:58:22";31,66775;68,39735
"2021-04-21 23:59:22";31,64605;68,56011
"2021-04-22 00:00:21";31,57552;67,96333
"2021-04-22 00:01:21";31,57552;67,63238
"2021-04-22 00:02:21";31,51042;67,43707
"2021-04-22 00:03:21";31,20117;66,41167
"2021-04-22 00:04:21";31,90647;68,52213
"2021-04-22 00:05:21";32,29709;70,92557
"2021-04-22 00:06:21";33,9898;77,18099
"2021-04-22 00:07:21";29,74175;60,9592
"2021-04-22 00:08:21";31,77626;72,46094
"2021-04-22 00:09:21";31,39648;68,96159
"2021-04-22 00:10:21";31,36936;70,81705
"2021-04-22 00:11:21";32,87761;77,33833
"2021-04-22 00:12:21";31,39648;70,60004
"2021-04-22 00:13:21";32,05295;72,84071
"2021-04-22 00:14:21";31,1849;69,40646
"2021-04-22 00:15:21";31,88477;73,79015
"2021-04-22 00:16:21";30,96246;68,64149
"2021-04-22 00:17:21";32,79622;77,12131
"2021-04-22 00:18:21";29,73633;62,0714
"2021-04-22 00:19:21";32,55208;78,04362
"2021-04-22 00:20:21";30,55556;66,05903
"2021-04-22 00:21:21";30,47417;65,75521
"2021-04-22 00:22:21";32,85048;79,26432
"2021-04-22 00:23:21";29,98589;63,31923
"2021-04-22 00:24:21";31,93902;74,49002
"2021-04-22 00:25:21";31,2066;69,6506
"2021-04-22 00:26:21";30,8214;67,80599
"2021-04-22 00:27:21";31,87391;73,96376
"2021-04-22 00:28:21";31,2934;71,15343
"2021-04-22 00:29:21";31,09266;69,45529
"2021-04-22 00:30:21";32,25369;75,98741
"2021-04-22 00:31:21";30,53385;66,01563
"2021-04-22 00:32:21";31,83051;73,83897
"2021-04-22 00:33:21";31,04384;69,26541
"2021-04-22 00:34:21";33,30078;80,29514
"2021-04-22 00:35:21";29,43251;60,15083
"2021-04-22 00:36:21";33,34961;79,64952
"2021-04-22 00:37:21";29,95877;62,55968
"2021-04-22 00:38:21";30,94076;69,71571
"2021-04-22 00:39:21";29,73633;62,4783
"2021-04-22 00:40:21";30,37109;65,6467
"2021-04-22 00:41:21";32,17231;74,60938
"2021-04-22 00:42:21";29,53016;61,7296
"2021-04-22 00:43:21";32,40017;76,95855
"2021-04-22 00:44:21";30,12695;64,44228
"2021-04-22 00:45:21";32,71484;77,66385
"2021-04-22 00:46:21";28,37999;55,72374
"2021-04-22 00:47:21";31,67318;72,97092
"2021-04-22 00:48:21";28,75977;58,54492
"2021-04-22 00:49:21";30,49588;67,90365
"2021-04-22 00:50:21";30,98416;70,32335
"2021-04-22 00:51:21";31,1849;69,37392
"2021-04-22 00:52:21";30,05642;64,0625
"2021-04-22 00:53:21";32,33507;76,58963
"2021-04-22 00:54:21";30,12153;62,972
"2021-04-22 00:55:21";31,82509;73,69249
"2021-04-22 00:56:21";30,90278;67,82769
"2021-04-22 00:57:21";30,30056;64,68642
"2021-04-22 00:58:21";31,12522;69,18945
"2021-04-22 00:59:21";31,77083;72,61827
"2021-04-22 01:00:20";30,06727;63,08594
"2021-04-22 01:01:20";31,23372;71,04492
"2021-04-22 01:02:20";31,40191;70,92557
"2021-04-22 01:03:20";31,94444;74,73416
"2021-04-22 01:04:21";29,90451;63,70443
"2021-04-22 01:05:21";33,30078;83,12174
"2021-04-22 01:06:21";29,65495;61,61024
"2021-04-22 01:07:21";32,59549;78,71094
"2021-04-22 01:08:21";30,30056;65,18555
"2021-04-22 01:09:21";31,5918;73,18793
"2021-04-22 01:10:21";31,06554;70,00326
"2021-04-22 01:11:21";30,63694;66,29774
"2021-04-22 01:12:21";32,42188;76,81207
"2021-04-22 01:13:21";30,27344;65,9017
"2021-04-22 01:14:21";31,96072;74,89692
"2021-04-22 01:15:21";31,56467;71,77734
"2021-04-22 01:16:21";31,00586;69,43359
"2021-04-22 01:17:21";32,72569;78,15755
"2021-04-22 01:18:21";29,88281;63,30295
"2021-04-22 01:19:20";33,20313;80,33854
"2021-04-22 01:20:20";29,46506;60,41124
"2021-04-22 01:21:20";31,28255;72,78646
"2021-04-22 01:22:20";31,76541;73,16623
"2021-04-22 01:23:20";30,1378;65,47309
"2021-04-22 01:24:20";31,96072;73,22049
"2021-04-22 01:25:21";29,17752;59,85243
"2021-04-22 01:26:21";31,87934;73,21506
"2021-04-22 01:27:21";28,97678;57,73112
"2021-04-22 01:28:21";30,68034;67,76259
"2021-04-22 01:29:21";29,75803;62,59766
"2021-04-22 01:30:21";30,98958;69,78624
"2021-04-22 01:31:21";31,85764;72,34701
"2021-04-22 01:32:21";32,29709;73,14996
"2021-04-22 01:33:21";32,10178;73,14996
"2021-04-22 01:34:21";31,90104;71,57118
"2021-04-22 01:35:21";31,73828;70,56207
"2021-04-22 01:36:21";31,3151;69,58008
"2021-04-22 01:37:21";31,1849;68,45161
"2021-04-22 01:38:21";30,91363;67,46962
"2021-04-22 01:39:21";31,02213;67,38281
"2021-04-22 01:40:21";30,70747;66,57986
"2021-04-22 01:41:21";30,63151;65,75521
"2021-04-22 01:42:21";30,30056;64,97396
"2021-04-22 01:43:21";30,20833;64,22526
"2021-04-22 01:44:21";29,95334;63,11306
"2021-04-22 01:45:21";29,52474;62,18533
"2021-04-22 01:46:21";29,60069;61,33897
"2021-04-22 01:47:20";29,06901;60,68251
"2021-04-22 01:48:20";29,02561;60,102
"2021-04-22 01:49:20";28,80859;59,19054
"2021-04-22 01:50:20";28,68381;58,76194
"2021-04-22 01:51:20";28,43967;58,10547
"2021-04-22 01:52:20";28,27148;57,41103
"2021-04-22 01:53:21";28,4885;58,42014
"2021-04-22 01:54:21";29,13954;60,15083
"2021-04-22 01:55:21";29,56814;61,93576
"2021-04-22 01:56:21";30,59896;66,16753
"2021-04-22 01:57:21";31,68945;70,78993
"2021-04-22 01:58:21";32,66602;74,66905
"2021-04-22 01:59:21";33,6263;78,69466
"2021-04-22 02:00:20";34,22309;81,43446
"2021-04-22 02:01:20";34,70595;82,31337
"2021-04-22 02:02:20";34,70052;82,26454
"2021-04-22 02:03:20";34,92839;82,55209
"2021-04-22 02:04:20";34,96636;83,2411
"2021-04-22 02:05:20";35,13997;83,52322
"2021-04-22 02:06:20";35,05859;83,71854
"2021-04-22 02:07:20";34,99349;83,91927
"2021-04-22 02:08:20";35,07487;83,96268
"2021-04-22 02:09:20";34,98264;83,90299
"2021-04-22 02:10:20";34,77647;83,25195
"2021-04-22 02:11:20";35,32444;83,61002
"2021-04-22 02:12:20";34,81445;82,19401
"2021-04-22 02:13:20";34,92839;81,76541
"2021-04-22 02:14:20";34,45095;80,94618
"2021-04-22 02:15:20";34,54861;80,41992
"2021-04-22 02:16:20";34,16884;79,33485
"2021-04-22 02:17:20";34,04948;78,68381
"2021-04-22 02:18:20";33,81076;77,75607
"2021-04-22 02:19:20";33,6697;76,9694
"2021-04-22 02:20:20";33,2411;75,98741
"2021-04-22 02:21:20";33,12717;74,49002
"2021-04-22 02:22:20";32,75825;73,17709
"2021-04-22 02:23:20";32,99154;72,41211
"2021-04-22 02:24:20";32,58464;71,76107
"2021-04-22 02:25:20";32,66602;70,94727
"2021-04-22 02:26:20";32,05295;70,39931
"2021-04-22 02:27:20";32,40017;74,0994
"2021-04-22 02:28:20";31,84679;70,67599
"2021-04-22 02:29:20";31,41276;67,78971
"2021-04-22 02:30:20";31,41276;66,98676
"2021-04-22 02:31:20";31,00586;66,20551
"2021-04-22 02:32:20";31,15777;65,51107
"2021-04-22 02:33:20";30,42535;64,4043
"2021-04-22 02:34:20";30,21918;63,33008
"2021-04-22 02:35:20";30,08898;62,55968
"2021-04-22 02:36:20";29,87196;61,88151
"2021-04-22 02:37:20";29,73633;61,3661
"2021-04-22 02:38:20";29,37826;60,6174
"2021-04-22 02:39:20";29,6224;60,2322
"2021-04-22 02:40:20";29,80143;62,1365
"2021-04-22 02:41:20";30,26259;63,43858
"2021-04-22 02:42:20";30,58811;64,44228
"2021-04-22 02:43:20";31,12522;66,48763
"2021-04-22 02:44:20";31,52127;68,01215
"2021-04-22 02:45:20";31,90647;70,19315
"2021-04-22 02:46:20";32,64431;72,56402
"2021-04-22 02:47:20";33,42556;75,76498
"2021-04-22 02:48:20";33,93555;77,90799
"2021-04-22 02:49:20";34,31532;79,13412
"2021-04-22 02:50:20";34,32617;79,45421
"2021-04-22 02:51:20";34,23936;79,24805
"2021-04-22 02:52:20";34,10373;78,76519
"2021-04-22 02:53:20";34,04948;78,88998
"2021-04-22 02:54:20";34,04948;78,74892
"2021-04-22 02:55:20";34,18511;79,60612
"2021-04-22 02:56:20";34,88498;81,78711
"2021-04-22 02:57:20";35,12912;83,90299
"2021-04-22 02:58:20";35,4655;85,34614
"2021-04-22 02:59:20";35,52517;86,08398
"2021-04-22 03:00:19";35,64996;86,86523
"2021-04-22 03:01:19";35,63368;86,86523
"2021-04-22 03:02:19";35,78559;87,02257
"2021-04-22 03:03:19";35,69878;86,78928
"2021-04-22 03:04:19";35,87239;86,57227
"2021-04-22 03:05:19";35,83442;86,12739
"2021-04-22 03:06:19";35,6174;85,92665
"2021-04-22 03:07:19";35,37326;85,29731
"2021-04-22 03:08:19";35,32986;84,89584
"2021-04-22 03:09:19";35,19965;84,3533
"2021-04-22 03:10:19";35,05317;83,72939
"2021-04-22 03:11:19";34,97179;82,96441
"2021-04-22 03:12:19";34,67339;81,98242
"2021-04-22 03:13:19";34,42383;81,00586
"2021-04-22 03:14:19";34,65712;80,41992
"2021-04-22 03:15:19";34,38585;79,53559
"2021-04-22 03:16:19";34,26649;78,68381
"2021-04-22 03:17:19";33,68056;78,39627
"2021-04-22 03:18:19";33,80534;78,02734
"2021-04-22 03:19:19";33,70768;77,07248
"2021-04-22 03:20:19";33,55577;76,98568
"2021-04-22 03:21:19";33,33876;76,40517
"2021-04-22 03:22:19";33,5612;75,7921
"2021-04-22 03:23:19";33,27365;75,15733
"2021-04-22 03:24:19";33,39301;74,47374
"2021-04-22 03:25:19";32,91558;74,273
"2021-04-22 03:26:19";32,74739;73,21506
"2021-04-22 03:27:19";32,49783;72,18967
"2021-04-22 03:28:19";32,21571;71,79362
"2021-04-22 03:29:19";32,16146;70,78993
"2021-04-22 03:30:19";31,98242;69,97613
"2021-04-22 03:31:19";31,61892;69,02127
"2021-04-22 03:32:19";31,60265;68,23459
"2021-04-22 03:33:19";31,23915;67,5293
"2021-04-22 03:34:19";31,38563;66,93793
"2021-04-22 03:35:19";31,04384;65,96137
"2021-04-22 03:36:19";30,93533;65,21268
"2021-04-22 03:37:19";30,71832;64,78407
"2021-04-22 03:38:19";30,47417;64,16558
"2021-04-22 03:39:19";30,19748;63,65017
"2021-04-22 03:40:19";30,26259;63,37348
"2021-04-22 03:41:19";29,78516;62,72786
"2021-04-22 03:42:19";29,84484;62,26128
"2021-04-22 03:43:19";29,57357;61,57769
"2021-04-22 03:44:19";29,45963;61,05143
"2021-04-22 03:45:19";29,62782;60,67166
"2021-04-22 03:46:19";29,23177;60,17795
"2021-04-22 03:47:19";28,97678;59,0332
"2021-04-22 03:48:19";29,07986;59,33702
"2021-04-22 03:49:19";29,47049;60,65538
"2021-04-22 03:50:19";29,95877;63,19444
"2021-04-22 03:51:19";30,8214;66,24892
"2021-04-22 03:52:19";31,45616;68,10439
"2021-04-22 03:53:19";32,03667;70,01953
"2021-04-22 03:54:19";32,21571;70,70855
"2021-04-22 03:55:19";32,25911;71,77734
"2021-04-22 03:56:19";32,48155;72,59115
"2021-04-22 03:57:19";32,67686;72,61827
"2021-04-22 03:58:19";32,66059;73,27474
"2021-04-22 03:59:19";32,86675;73,42123
"2021-04-22 04:00:19";32,54123;73,7576
"2021-04-22 04:01:19";32,73112;73,13368
"2021-04-22 04:02:19";32,75282;72,49892
"2021-04-22 04:03:19";32,56836;72,22222
"2021-04-22 04:04:19";32,74197;72,26563
"2021-04-22 04:05:19";32,49783;72,06489
"2021-04-22 04:06:19";32,38932;71,33247
"2021-04-22 04:07:19";32,12891;70,80621
"2021-04-22 04:08:19";31,79796;69,9056
"2021-04-22 04:09:19";31,7003;69,48242
"2021-04-22 04:10:19";31,57552;68,83681
"2021-04-22 04:11:19";31,48329;68,50586
"2021-04-22 04:12:19";31,26085;67,80057
"2021-04-22 04:13:19";30,87023;67,17665
"2021-04-22 04:14:19";30,78885;66,5256
"2021-04-22 04:15:19";30,65864;65,70096
"2021-04-22 04:16:19";30,39822;64,55078
"2021-04-22 04:17:19";30,08898;63,6773
"2021-04-22 04:18:19";30,06185;63,11306
"2021-04-22 04:19:19";29,95334;62,00087
"2021-04-22 04:20:19";29,57357;61,47461
"2021-04-22 04:21:19";29,57899;61,29015
"2021-04-22 04:22:19";29,2806;60,74761
"2021-04-22 04:23:19";29,28602;60,28646
"2021-04-22 04:24:19";29,32943;59,84158
"2021-04-22 04:25:19";29,34028;59,17969
"2021-04-22 04:26:19";29,36198;58,79991
"2021-04-22 04:27:19";29,324;58,37674
"2021-04-22 04:28:19";28,83572;57,73112
"2021-04-22 04:29:19";28,68381;57,27539
"2021-04-22 04:30:19";28,65126;56,6569
"2021-04-22 04:31:19";28,23893;56,00586
"2021-04-22 04:32:19";28,1467;55,47417
"2021-04-22 04:33:19";27,76693;54,74718
"2021-04-22 04:34:19";27,60417;53,87912
"2021-04-22 04:35:19";27,64214;53,4668
"2021-04-22 04:36:19";27,30035;53,04362
"2021-04-22 04:37:19";27,18641;52,3546
"2021-04-22 04:38:19";26,76324;51,89887
"2021-04-22 04:39:19";26,85547;51,6059
"2021-04-22 04:40:19";26,69813;51,22613
"2021-04-22 04:41:19";26,58963;50,67817
"2021-04-22 04:42:19";26,40516;50,27669
"2021-04-22 04:43:19";26,10135;49,56055
"2021-04-22 04:44:19";25,98741;49,23503
"2021-04-22 04:45:19";25,79753;48,88238
"2021-04-22 04:46:19";25,80295;48,45378
"2021-04-22 04:47:19";25,80295;47,96007
"2021-04-22 04:48:19";25,61849;47,59657
"2021-04-22 04:49:19";25,50456;47,40126
"2021-04-22 04:50:19";25,43403;46,90755
"2021-04-22 04:51:19";25,17904;46,60373
"2021-04-22 04:52:19";24,90234;46,07205
"2021-04-22 04:53:19";24,96745;45,54579
"2021-04-22 04:54:19";24,75043;45,03581
"2021-04-22 04:55:19";24,56055;44,36306
"2021-04-22 04:56:19";24,41406;43,94531
"2021-04-22 04:57:19";24,26215;43,59809
"2021-04-22 04:58:19";21,29991;42,94705
"2021-04-22 04:59:19";22,85156;38,38433
"2021-04-22 05:00:18";24,01259;38,95399
"2021-04-22 05:01:18";23,95833;36,30642
"2021-04-22 05:02:18";23,70877;33,54492
"2021-04-22 05:03:18";23,06858;31,90104
"2021-04-22 05:04:18";22,43381;30,5447
"2021-04-22 05:05:18";21,98351;29,48676
"2021-04-22 05:06:18";21,60373;28,98763
"2021-04-22 05:07:18";21,26736;28,42882
"2021-04-22 05:08:18";20,98524;28,25521
"2021-04-22 05:09:18";21,03407;28,07617
"2021-04-22 05:10:18";20,87674;27,66927
"2021-04-22 05:11:18";20,82248;27,73438
"2021-04-22 05:12:18";20,676;27,30035
"2021-04-22 05:13:18";20,50781;26,926
"2021-04-22 05:14:18";20,57834;26,70898
"2021-04-22 05:15:18";20,3776;26,34006
"2021-04-22 05:16:18";20,13889;26,05794
"2021-04-22 05:17:18";20,22569;26,10135
"2021-04-22 05:18:18";18,53841;24,71788
"2021-04-22 05:19:18";17,96333;19,88932
"2021-04-22 05:20:18";18,37023;20,05208
"2021-04-22 05:21:18";18,47331;19,61263
"2021-04-22 05:22:18";18,86936;20,44271
"2021-04-22 05:23:18";18,94531;19,95443
"2021-04-22 05:24:18";18,95074;19,67231
"2021-04-22 05:25:18";18,83681;19,42274
"2021-04-22 05:26:18";18,97244;19,5421
"2021-04-22 05:27:18";18,91276;19,42274
"2021-04-22 05:28:18";18,75;18,93446
"2021-04-22 05:29:18";18,63607;19,10807
"2021-04-22 05:30:18";18,53299;18,95074
"2021-04-22 05:31:18";18,31597;18,76085
"2021-04-22 05:32:18";18,45161;18,80425
"2021-04-22 05:33:18";18,45703;18,89648
"2021-04-22 05:34:18";18,3431;18,74458
"2021-04-22 05:35:18";18,20204;19,02127
"2021-04-22 05:36:18";18,13151;19,27626
"2021-04-22 05:37:18";18,65234;21,05035
"2021-04-22 05:38:18";17,04644;21,38129
"2021-04-22 05:39:18";18,02843;22,08116
"2021-04-22 05:40:18";19,1352;23,33442
"2021-04-22 05:41:18";20,27995;23,79015
"2021-04-22 05:42:18";20,79536;24,51172
"2021-04-22 05:43:18";21,34874;24,64193
"2021-04-22 05:44:18";21,57118;24,6582
"2021-04-22 05:45:18";21,88042;24,72873
"2021-04-22 05:46:18";22,03776;25,14648
"2021-04-22 05:47:18";21,64713;25,75412
"2021-04-22 05:48:18";21,86415;26,87174
"2021-04-22 05:49:18";21,78277;30,20833
"2021-04-22 05:50:18";22,1951;31,25
"2021-04-22 05:51:18";21,83702;31,90104
"2021-04-22 05:52:18";22,09744;32,24284
"2021-04-22 05:53:18";21,92925;32,41645
"2021-04-22 05:54:18";21,60373;32,449
"2021-04-22 05:55:18";21,98351;33,23025
"2021-04-22 05:56:18";22,1951;33,38216
"2021-04-22 05:57:18";22,38498;33,75108
"2021-04-22 05:58:18";18,41905;30,32769
"2021-04-22 05:59:18";21,02322;24,51172
"2021-04-22 06:00:18";20,78451;24,64193
"2021-04-22 06:01:18";21,27821;24,68533
"2021-04-22 06:02:18";21,60916;24,9349
"2021-04-22 06:03:18";21,9184;25,67274
"2021-04-22 06:04:18";21,98351;26,62218
"2021-04-22 06:05:18";22,17882;26,75781
"2021-04-22 06:06:18";22,05946;26,61133
"2021-04-22 06:07:18";21,94553;26,63845
"2021-04-22 06:08:18";21,89128;26,09592
"2021-04-22 06:09:18";21,875;26,80664
"2021-04-22 06:10:18";22,20595;26,54622
"2021-04-22 06:11:18";21,97266;26,1773
"2021-04-22 06:12:18";22,03234;26,43772
"2021-04-22 06:13:18";22,16797;26,86089
"2021-04-22 06:14:18";21,78277;26,61675
"2021-04-22 06:15:18";22,13542;26,86632
"2021-04-22 06:16:18";22,00521;26,66558
"2021-04-22 06:17:18";22,06489;26,99653
"2021-04-22 06:18:18";18,7717;26,08507
"2021-04-22 06:19:18";19,80252;24,28385
"2021-04-22 06:20:18";20,86046;24,07769
"2021-04-22 06:21:18";21,43555;24,52799
"2021-04-22 06:22:18";21,64713;25,16276
"2021-04-22 06:23:18";21,64713;27,91341
"2021-04-22 06:24:18";21,68511;28,64583
"2021-04-22 06:25:18";21,8533;29,03103
"2021-04-22 06:26:18";21,67969;28,852
"2021-04-22 06:27:18";21,78819;28,97678
"2021-04-22 06:28:18";21,71766;29,18837
"2021-04-22 06:29:18";21,57118;28,77062
"2021-04-22 06:30:18";21,64713;28,81402
"2021-04-22 06:31:18";21,71224;28,95508
"2021-04-22 06:32:18";21,5549;28,27148
"2021-04-22 06:33:18";21,4681;29,04188
"2021-04-22 06:34:18";21,64713;29,03103
"2021-04-22 06:35:18";21,70139;29,03646
"2021-04-22 06:36:18";21,67426;29,27517
"2021-04-22 06:37:18";22,03234;29,38911
"2021-04-22 06:38:18";19,53667;29,3023
"2021-04-22 06:39:18";19,74826;28,53733
"2021-04-22 06:40:18";20,81163;28,82487
"2021-04-22 06:41:18";21,06662;28,79232
"2021-04-22 06:42:18";21,40842;29,07986
"2021-04-22 06:43:18";21,36502;28,71636
"2021-04-22 06:44:18";21,22938;29,30773
"2021-04-22 06:45:18";21,05577;29,07986
"2021-04-22 06:46:18";20,55122;30,05642
"2021-04-22 06:47:18";20,55122;30,74544
"2021-04-22 06:48:18";20,70313;30,61523
"2021-04-22 06:49:18";20,57292;30,78885
"2021-04-22 06:50:18";20,84961;30,91363
"2021-04-22 06:51:18";20,51324;30,65321
"2021-04-22 06:52:18";20,31792;30,70747
"2021-04-22 06:53:18";20,41016;30,1161
"2021-04-22 06:54:18";20,52409;30,23546
"2021-04-22 06:55:18";20,22569;30,59896
"2021-04-22 06:56:18";20,42643;30,20833
"2021-04-22 06:57:18";20,01953;29,92622
"2021-04-22 06:58:18";19,07552;30,22461
"2021-04-22 06:59:18";19,1135;29,83941
"2021-04-22 07:00:17";19,62348;29,65495
"2021-04-22 07:01:17";20,00868;30,22461
"2021-04-22 07:02:17";20,02496;29,87739
"2021-04-22 07:03:17";20,27995;30,08898
"2021-04-22 07:04:17";20,49696;30,08898
"2021-04-22 07:05:18";20,56207;30,04557
"2021-04-22 07:06:18";19,76454;28,09245
"2021-04-22 07:07:18";19,16775;26,18815
"2021-04-22 07:08:18";18,91276;24,75043
"2021-04-22 07:09:18";18,62522;24,09939
"2021-04-22 07:10:18";18,55469;23,60026
"2021-04-22 07:11:18";18,47331;23,14996
"2021-04-22 07:12:18";17,78429;22,82444
"2021-04-22 07:13:18";18,37023;22,50434
"2021-04-22 07:14:18";17,80056;22,56944
"2021-04-22 07:15:18";17,82769;22,2602
"2021-04-22 07:16:18";17,38824;22,20052
"2021-04-22 07:17:18";17,82769;22,28733
"2021-04-22 07:18:17";16,53103;21,59288
"2021-04-22 07:19:17";16,36285;18,4082
"2021-04-22 07:20:17";16,52018;18,3214
"2021-04-22 07:21:17";16,85113;18,54384
"2021-04-22 07:22:17";16,91081;18,41905
"2021-04-22 07:23:17";16,91081;18,54384
"2021-04-22 07:24:17";17,02474;18,59266
"2021-04-22 07:25:17";17,29058;18,4082
"2021-04-22 07:26:18";17,03559;18,10438
"2021-04-22 07:27:18";17,43164;18,13694
"2021-04-22 07:28:18";17,19835;18,70117
"2021-04-22 07:29:18";17,06272;17,96875
"2021-04-22 07:30:18";16,98134;18,02843
"2021-04-22 07:31:18";17,06814;18,10438
"2021-04-22 07:32:18";17,06814;17,88194
"2021-04-22 07:33:18";17,06272;18,19119
"2021-04-22 07:34:18";17,05187;17,87652
"2021-04-22 07:35:18";16,81858;17,85482
"2021-04-22 07:36:18";16,92708;18,01758
"2021-04-22 07:37:18";17,18208;17,99045
"2021-04-22 07:38:18";15,69553;18,023
"2021-04-22 07:39:18";15,74436;17,93077
"2021-04-22 07:40:17";16,08615;18,09353
"2021-04-22 07:41:17";16,22721;18,09353
"2021-04-22 07:42:18";16,52561;18,48958
"2021-04-22 07:43:18";16,46593;18,24544
"2021-04-22 07:44:18";16,89996;18,40278
"2021-04-22 07:45:18";16,63412;18,45703
"2021-04-22 07:46:18";16,80773;18,19119
"2021-04-22 07:47:18";17,03559;17,9579
"2021-04-22 07:48:18";16,88911;18,02843
"2021-04-22 07:49:17";16,94336;18,16406
"2021-04-22 07:50:17";16,7372;18,07726
"2021-04-22 07:51:17";17,01389;18,48958
"2021-04-22 07:52:17";16,89996;18,60894
"2021-04-22 07:53:17";17,2309;18,7717
"2021-04-22 07:54:17";17,13325;19,05382
"2021-04-22 07:55:17";16,91081;19,04839
"2021-04-22 07:56:17";17,11697;19,19488
"2021-04-22 07:57:17";17,17122;19,07552
"2021-04-22 07:58:18";16,10243;19,07552
"2021-04-22 07:59:18";16,04818;18,91276
"2021-04-22 08:00:17";16,58529;19,05924
"2021-04-22 08:01:17";16,71007;19,1135
"2021-04-22 08:02:17";16,95963;19,35221
"2021-04-22 08:03:17";17,09527;19,27626
"2021-04-22 08:04:17";17,29058;19,1135
"2021-04-22 08:05:17";17,5076;19,37391
"2021-04-22 08:06:17";17,41537;19,37391
"2021-04-22 08:07:17";17,5944;19,48785
"2021-04-22 08:08:17";17,55642;19,33051
"2021-04-22 08:09:17";17,5076;19,37934
"2021-04-22 08:10:17";17,77886;19,53125
"2021-04-22 08:11:17";18,0447;20,20942
"2021-04-22 08:12:17";18,50043;20,75195
"2021-04-22 08:13:17";18,47331;21,4898
"2021-04-22 08:14:17";18,88563;22,17882
"2021-04-22 08:15:17";19,24913;22,87869
"2021-04-22 08:16:17";21,13715;31,51042
"2021-04-22 08:17:17";29,95334;62,89605
"2021-04-22 08:18:17";32,50325;71,57661
"2021-04-22 08:19:17";32,73112;73,80099
"2021-04-22 08:20:17";32,8559;74,20248
"2021-04-22 08:21:17";32,43272;74,41406
"2021-04-22 08:22:17";33,48524;75,26584
"2021-04-22 08:23:17";32,43272;75,3201
"2021-04-22 08:24:17";32,14518;75,03798
"2021-04-22 08:25:17";32,38932;74,25673
"2021-04-22 08:26:17";30,95161;71,20768
"2021-04-22 08:27:17";27,83746;59,96094
"2021-04-22 08:28:17";30,53385;67,43707
"2021-04-22 08:29:17";30,33312;68,99414
"2021-04-22 08:30:17";29,70378;65,95052
"2021-04-22 08:31:17";31,04384;70,02496
"2021-04-22 08:32:17";30,4796;69,64518
"2021-04-22 08:33:17";28,46137;61,12196
"2021-04-22 08:34:17";30,03472;66,13498
"2021-04-22 08:35:17";30,33312;67,80057
"2021-04-22 08:36:17";30,28971;67,5076
"2021-04-22 08:37:17";30,42535;67,87109
"2021-04-22 08:38:17";30,76714;69,23828
"2021-04-22 08:39:17";31,61892;72,16797
"2021-04-22 08:40:17";33,78906;76,85547
"2021-04-22 08:41:17";34,01693;78,50478
"2021-04-22 08:42:17";33,30078;79,00933
"2021-04-22 08:43:17";33,45811;79,03104
"2021-04-22 08:44:17";33,53407;79,22092
"2021-04-22 08:45:17";33,23025;78,99306
"2021-04-22 08:46:17";33,62088;79,24262
"2021-04-22 08:47:17";33,30078;77,96224
"2021-04-22 08:48:17";33,05122;77,02908
"2021-04-22 08:49:17";32,88303;76,63846
"2021-04-22 08:50:17";32,82878;75,85178
"2021-04-22 08:51:17";32,55751;74,88065
"2021-04-22 08:52:17";32,35135;73,47005
"2021-04-22 08:53:17";32,0204;72,23849
"2021-04-22 08:54:17";32,23741;72,13541
"2021-04-22 08:55:17";31,73828;71,8316
"2021-04-22 08:56:17";31,60807;71,67969
"2021-04-22 08:57:17";31,53754;71,01779
"2021-04-22 08:58:17";31,39106;70,64345
"2021-04-22 08:59:17";31,15234;69,94901
"2021-04-22 09:00:16";31,17405;69,45529
"2021-04-22 09:01:16";30,92448;68,22374
"2021-04-22 09:02:16";31,17947;69,69943
"2021-04-22 09:03:16";31,64063;71,79362
"2021-04-22 09:04:16";32,94271;76,77951
"2021-04-22 09:05:16";33,59375;79,7309
"2021-04-22 09:06:16";33,91385;81,43989
"2021-04-22 09:07:16";33,97353;81,69488
"2021-04-22 09:08:16";34,16884;82,67144
"2021-04-22 09:09:16";34,10373;82,7908
"2021-04-22 09:10:16";34,26107;82,48155
"2021-04-22 09:11:16";34,00065;81,68945
"2021-04-22 09:12:16";33,85417;81,46159
"2021-04-22 09:13:16";33,68056;80,58268
"2021-04-22 09:14:16";33,5829;80,20291
"2021-04-22 09:15:16";33,47982;79,38368
"2021-04-22 09:16:16";33,47982;79,08529
"2021-04-22 09:17:16";33,32791;78,35287
"2021-04-22 09:18:16";33,01324;77,40343
"2021-04-22 09:19:16";33,04036;77,15929
"2021-04-22 09:20:16";32,91016;76,50825
"2021-04-22 09:21:16";32,72027;75,50455
"2021-04-22 09:22:16";32,33507;74,273
"2021-04-22 09:23:16";32,09636;72,91666
"2021-04-22 09:24:16";31,96072;72,46636
"2021-04-22 09:25:16";31,69488;71,04492
"2021-04-22 09:26:16";31,37478;69,42817
"2021-04-22 09:27:16";30,97873;68,51128
"2021-04-22 09:28:16";31,03841;68,73915
"2021-04-22 09:29:16";31,5918;70,16059
"2021-04-22 09:30:16";32,25911;73,00347
"2021-04-22 09:31:16";32,78537;74,82639
"2021-04-22 09:32:16";32,86133;76,9043
"2021-04-22 09:33:16";33,23568;78,0816
"2021-04-22 09:34:16";33,44727;78,88998
"2021-04-22 09:35:16";33,30078;78,97135
"2021-04-22 09:36:16";33,2845;78,37999
"2021-04-22 09:37:16";33,23025;77,78863
"2021-04-22 09:38:16";33,43642;78,92795
"2021-04-22 09:39:16";33,43642;79,10699
"2021-04-22 09:40:16";33,32791;79,56271
"2021-04-22 09:41:16";33,77821;79,45963
"2021-04-22 09:42:16";33,47982;81,03841
"2021-04-22 09:43:16";33,75108;79,94791
"2021-04-22 09:44:16";33,10547;78,42882
"2021-04-22 09:45:16";33,05664;77,02365
"2021-04-22 09:46:16";34,07661;72,92752
"2021-04-22 09:47:16";33,72939;74,0994
"2021-04-22 09:48:16";32,91558;73,43208
"2021-04-22 09:49:16";32,44358;73,58398
"2021-04-22 09:50:16";32,00955;71,9401
"2021-04-22 09:51:16";32,01497;71,86415
"2021-04-22 09:52:16";32,26454;72,04861
"2021-04-22 09:53:16";31,87934;71,96723
"2021-04-22 09:54:16";31,98785;71,94553
"2021-04-22 09:55:16";31,49414;70,64887
"2021-04-22 09:56:16";31,91732;71,4898
"2021-04-22 09:57:16";31,74913;71,1263
"2021-04-22 09:58:16";31,60265;71,24566
"2021-04-22 09:59:16";31,28798;69,37392
"2021-04-22 10:00:16";31,06554;68,24002
"2021-04-22 10:01:16";30,84852;67,09527
"2021-04-22 10:02:16";30,55013;65,79318
"2021-04-22 10:03:16";30,4362;65,38628
"2021-04-22 10:04:16";30,46875;64,97396
"2021-04-22 10:05:16";30,38194;64,22526
"2021-04-22 10:06:16";30,01845;63,15104
"2021-04-22 10:07:16";30,0076;62,9069
"2021-04-22 10:08:16";29,83941;62,45117
"2021-04-22 10:09:16";29,47049;62,83637
"2021-04-22 10:10:16";30,16493;63,51997
"2021-04-22 10:11:16";31,03841;67,67036
"2021-04-22 10:12:16";32,61719;73,10655
"2021-04-22 10:13:16";33,29536;76,9477
"2021-04-22 10:14:16";33,66428;78,35287
"2021-04-22 10:15:16";33,77821;78,84657
"2021-04-22 10:16:16";33,89757;79,08529
"2021-04-22 10:17:16";33,66428;79,10699
"2021-04-22 10:18:16";34,18511;79,60612
"2021-04-22 10:19:16";33,62088;79,06358
"2021-04-22 10:20:16";33,91385;79,06358
"2021-04-22 10:21:16";34,0549;81,08182
"2021-04-22 10:22:16";34,17969;80,4145
"2021-04-22 10:23:16";34,10373;79,7526
"2021-04-22 10:24:16";33,40929;78,02734
"2021-04-22 10:25:16";33,37131;76,75239
"2021-04-22 10:26:16";33,61545;77,97852
"2021-04-22 10:27:16";33,18685;76,9477
"2021-04-22 10:28:16";33,20855;75,86263
"2021-04-22 10:29:16";33,01866;75,71072
"2021-04-22 10:30:16";32,97526;75,33095
"2021-04-22 10:31:16";32,97526;75,62934
"2021-04-22 10:32:16";32,80708;74,9783
"2021-04-22 10:33:16";32,60634;74,44119
"2021-04-22 10:34:16";32,64974;75,09766
"2021-04-22 10:35:16";32,89388;75,66732
"2021-04-22 10:36:16";32,96441;75,39605
"2021-04-22 10:37:16";32,79622;74,14279
"2021-04-22 10:38:16";32,10178;72,36328
"2021-04-22 10:39:16";32,05295;71,45724
"2021-04-22 10:40:16";31,66775;70,34505
"2021-04-22 10:41:16";31,53212;69,60721
"2021-04-22 10:42:16";31,39106;68,94531
"2021-04-22 10:43:16";31,17405;68,82596
"2021-04-22 10:44:16";31,21202;68,07183
"2021-04-22 10:45:16";31,06554;67,32856
"2021-04-22 10:46:16";30,69662;66,40625
"2021-04-22 10:47:16";30,85938;67,1224
"2021-04-22 10:48:16";30,53385;65,33746
"2021-04-22 10:49:16";30,25716;64,32834
"2021-04-22 10:50:16";30,49045;64,65929
"2021-04-22 10:51:16";30,30056;64,13303
"2021-04-22 10:52:16";30,21918;64,0842
"2021-04-22 10:53:16";30,12695;63,85634
"2021-04-22 10:54:16";29,87739;63,12934
"2021-04-22 10:55:16";29,60612;62,38064
"2021-04-22 10:56:16";29,62782;62,29926
"2021-04-22 10:57:16";29,88281;62,50542
"2021-04-22 10:58:16";29,79058;63,61762
"2021-04-22 10:59:16";30,59896;65,74435
"2021-04-22 11:00:15";32,72569;73,18793
"2021-04-22 11:01:15";35,1671;82,4924
"2021-04-22 11:02:15";34,21767;84,55404
"2021-04-22 11:03:15";35,75846;91,02105
"2021-04-22 11:04:15";34,3533;86,19791
"2021-04-22 11:05:15";34,68425;88,52539
"2021-04-22 11:06:15";33,51237;81,28798
"2021-04-22 11:07:15";35,21593;85,94292
"2021-04-22 11:08:15";33,84332;82,20486
"2021-04-22 11:09:15";34,90126;86,43121
"2021-04-22 11:10:15";34,95551;87,19618
"2021-04-22 11:11:15";33,42556;79,52474
"2021-04-22 11:12:15";30,30599;64,00825
"2021-04-22 11:13:15";34,42383;82,88303
"2021-04-22 11:14:15";31,88477;73,23134
"2021-04-22 11:15:15";33,81076;82,96983
"2021-04-22 11:16:15";31,36936;71,88585
"2021-04-22 11:17:15";32,33507;76,61675
"2021-04-22 11:18:15";32,86675;80,94618
"2021-04-22 11:19:15";32,59549;79,02018
"2021-04-22 11:20:15";31,03841;71,13173
"2021-04-22 11:21:15";33,87044;81,86849
"2021-04-22 11:22:15";31,37478;69,95985
"2021-04-22 11:23:15";33,78906;83,77279
"2021-04-22 11:24:15";31,04926;67,64323
"2021-04-22 11:25:15";33,80534;85,94835
"2021-04-22 11:26:15";31,02213;69,36849
"2021-04-22 11:27:15";33,37131;82,92643
"2021-04-22 11:28:15";33,50152;81,34223
"2021-04-22 11:29:15";32,88845;79,05273
"2021-04-22 11:30:15";32,86675;80,523
"2021-04-22 11:31:15";32,3622;77,89171
"2021-04-22 11:32:15";31,01671;70,18229
"2021-04-22 11:33:15";33,53407;81,90104
"2021-04-22 11:34:15";30,23546;67,04102
"2021-04-22 11:35:15";32,79622;80,64779
"2021-04-22 11:36:15";31,04926;72,18424
"2021-04-22 11:37:15";33,46354;82,29166
"2021-04-22 11:38:15";31,61892;73,80099
"2021-04-22 11:39:15";32,75825;80,51758
"2021-04-22 11:40:15";31,97157;76,31293
"2021-04-22 11:41:15";34,22309;85,50347
"2021-04-22 11:42:15";32,09636;75,69444
"2021-04-22 11:43:15";31,68945;74,30556
"2021-04-22 11:44:15";33,88672;82,7474
"2021-04-22 11:45:15";31,40191;71,48438
"2021-04-22 11:46:15";32,75825;79,75803
"2021-04-22 11:47:15";30,87023;69,94901
"2021-04-22 11:48:15";31,91189;75,3418
"2021-04-22 11:49:15";32,98611;81,35308
"2021-04-22 11:50:15";31,10352;71,57118
"2021-04-22 11:51:15";32,93186;78,86285
"2021-04-22 11:52:15";33,24653;80,41992
"2021-04-22 11:53:15";31,67318;73,98546
"2021-04-22 11:54:15";33,86502;83,52322
"2021-04-22 11:55:15";30,38194;67,52387
"2021-04-22 11:56:15";33,31706;83,44727
"2021-04-22 11:57:15";32,09093;74,80469
"2021-04-22 11:58:15";30,66949;69,04297
"2021-04-22 11:59:15";33,40929;80,29514
"2021-04-22 12:00:15";31,52127;72,68338
"2021-04-22 12:01:15";32,80165;80,0944
"2021-04-22 12:02:15";32,0638;74,78841
"2021-04-22 12:03:14";33,18142;80,78342
"2021-04-22 12:04:14";34,17969;86,96832
"2021-04-22 12:05:14";32,69314;77,76151
"2021-04-22 12:06:14";33,45811;84,02235
"2021-04-22 12:07:14";34,15256;87,72787
"2021-04-22 12:08:14";31,97157;75,48286
"2021-04-22 12:09:14";34,85786;88,69357
"2021-04-22 12:10:14";32,33507;76,9043
"2021-04-22 12:11:14";33,2845;80,4362
"2021-04-22 12:12:15";33,5178;84,64627
"2021-04-22 12:13:15";31,78168;73,81728
"2021-04-22 12:14:15";33,34961;82,33507
"2021-04-22 12:15:15";30,76172;70,18229
"2021-04-22 12:16:15";33,18685;82,34049
"2021-04-22 12:17:15";31,93902;73,28559
"2021-04-22 12:18:15";33,27365;82,27539
"2021-04-22 12:19:15";31,03299;69,20573
"2021-04-22 12:20:15";33,30078;81,41276
"2021-04-22 12:21:15";31,5918;73,23134
"2021-04-22 12:22:15";33,10004;80,89193
"2021-04-22 12:23:15";30,74002;67,74631
"2021-04-22 12:24:15";32,58464;78,80317
"2021-04-22 12:25:15";31,45074;72,92209
"2021-04-22 12:26:14";31,72201;74,70703
"2021-04-22 12:27:14";30,97873;69,9707
"2021-04-22 12:28:14";32,0421;76,9043
"2021-04-22 12:29:14";32,59006;78,92795
"2021-04-22 12:30:14";32,18316;77,75065
"2021-04-22 12:31:14";30,28971;66,71549
"2021-04-22 12:32:14";32,60634;77,17557
"2021-04-22 12:33:14";30,0944;65,10416
"2021-04-22 12:34:15";31,44531;74,13737
"2021-04-22 12:35:15";30,69662;69,21658
"2021-04-22 12:36:15";32,98611;76,11762
"2021-04-22 12:37:15";32,8125;76,6059
"2021-04-22 12:38:15";31,40191;71,13173
"2021-04-22 12:39:15";31,96072;74,21875
"2021-04-22 12:40:15";33,12717;82,09635
"2021-04-22 12:41:15";30,73459;68,58724
"2021-04-22 12:42:15";34,04948;87,14735
"2021-04-22 12:43:15";30,96246;68,23459
"2021-04-22 12:44:15";32,62261;77,38173
"2021-04-22 12:45:15";31,45616;72,03776
"2021-04-22 12:46:15";31,52127;72,61827
"2021-04-22 12:47:14";33,23025;83,28451
"2021-04-22 12:48:14";31,07639;69,02127
"2021-04-22 12:49:14";31,83594;73,60026
"2021-04-22 12:50:14";32,96441;80,75629
"2021-04-22 12:51:14";31,28798;69,97613
"2021-04-22 12:52:14";33,24653;82,80165
"2021-04-22 12:53:14";31,25;70,18229
"2021-04-22 12:54:14";31,42361;71,91298
"2021-04-22 12:55:15";32,95898;80,83768
"2021-04-22 12:56:15";31,42361;72,73221
"2021-04-22 12:57:15";31,25;70,06836
"2021-04-22 12:58:15";32,3405;77,16471
"2021-04-22 12:59:15";31,68403;71,71224
"2021-04-22 13:00:14";32,25369;75,93316
"2021-04-22 13:01:14";31,43989;71,15885
"2021-04-22 13:02:14";32,85048;78,5753
"2021-04-22 13:03:14";30,37109;66,82401
"2021-04-22 13:04:14";32,47613;78,5102
"2021-04-22 13:05:14";31,26085;72,63455
"2021-04-22 13:06:14";31,23915;69,50955
"2021-04-22 13:07:14";31,77626;74,6799
"2021-04-22 13:08:14";31,96072;74,79384
"2021-04-22 13:09:14";30,16493;65,60873
"2021-04-22 13:10:14";31,96072;75,71615
"2021-04-22 13:11:14";31,44531;72,63455
"2021-04-22 13:12:14";30,38737;66,33572
"2021-04-22 13:13:14";31,38563;70,81163
"2021-04-22 13:14:14";30,06185;63,94857
"2021-04-22 13:15:14";32,20486;74,03971
"2021-04-22 13:16:14";30,61523;65,55447
"2021-04-22 13:17:14";32,23199;73,74132
"2021-04-22 13:18:14";30,9299;68,27799
"2021-04-22 13:19:14";31,96072;73,14453
"2021-04-22 13:20:14";30,06727;66,54731
"2021-04-22 13:21:14";32,13433;75,19531
"2021-04-22 13:22:14";31,41276;72,42838
"2021-04-22 13:23:14";30,87565;69,59093
"2021-04-22 13:24:14";31,78168;73,37782
"2021-04-22 13:25:14";29,7309;62,89063
"2021-04-22 13:26:14";31,08724;69,85135
"2021-04-22 13:27:14";31,23915;71,64171
"2021-04-22 13:28:14";30,65864;69,23828
"2021-04-22 13:29:14";31,39106;70,03038
"2021-04-22 13:30:14";31,68403;71,49522
"2021-04-22 13:31:14";30,20833;65,22895
"2021-04-22 13:32:14";31,68403;72,2819
"2021-04-22 13:33:14";29,60612;62,48915
"2021-04-22 13:34:14";32,31337;74,69076
"2021-04-22 13:35:14";29,88281;63,22157
"2021-04-22 13:36:14";32,4707;75,98741
"2021-04-22 13:37:14";31,33138;70,44814
"2021-04-22 13:38:14";29,96419;61,56142
"2021-04-22 13:39:14";32,29709;73,79015
"2021-04-22 13:40:14";30,11068;62,89063
"2021-04-22 13:41:14";30,71832;66,29774
"2021-04-22 13:42:14";31,83051;72,96007
"2021-04-22 13:43:14";30,52843;67,10069
"2021-04-22 13:44:14";31,78168;73,22049
"2021-04-22 13:45:14";30,94076;68,17491
"2021-04-22 13:46:14";31,28255;70,12804
"2021-04-22 13:47:14";32,89388;76,33463
"2021-04-22 13:48:14";29,52474;60,56315
"2021-04-22 13:49:14";30,65864;68,61979
"2021-04-22 13:50:14";32,08008;73,61111
"2021-04-22 13:51:14";31,41819;69,08095
"2021-04-22 13:52:14";29,3674;59,47266
"2021-04-22 13:53:14";29,78516;62,01714
"2021-04-22 13:54:14";30,06727;64,59961
"2021-04-22 13:55:14";31,17947;69,12978
"2021-04-22 13:56:14";30,74544;67,71918
"2021-04-22 13:57:14";30,98958;70,77908
"2021-04-22 13:58:14";29,57357;61,76758
"2021-04-22 13:59:14";30,98416;68,4733
"2021-04-22 14:00:14";29,44878;60,17795
"2021-04-22 14:01:14";31,37478;70,78451
"2021-04-22 14:02:14";30,70747;65,87999
"2021-04-22 14:03:14";30,49045;65,72808
"2021-04-22 14:04:14";30,57726;65,42969
"2021-04-22 14:05:14";30,51758;64,91428
"2021-04-22 14:06:14";30,33312;64,48026
"2021-04-22 14:07:14";30,16493;63,04253
"2021-04-22 14:08:14";31,49957;69,09722
"2021-04-22 14:09:14";29,28602;58,97353
"2021-04-22 14:10:14";30,05642;63,66645
"2021-04-22 14:11:14";29,54644;61,83268
"2021-04-22 14:12:14";28,32574;57,22114
"2021-04-22 14:13:14";29,57357;63,12392
"2021-04-22 14:14:14";29,324;61,31728
"2021-04-22 14:15:14";29,84484;63,42231
"2021-04-22 14:16:14";30,20291;64,67014
"2021-04-22 14:17:14";29,85569;64,17101
"2021-04-22 14:18:14";29,22635;60,65538
"2021-04-22 14:19:14";29,69292;63,05881
"2021-04-22 14:20:14";30,20291;63,68272
"2021-04-22 14:21:14";30,1378;64,30122
"2021-04-22 14:22:14";29,81228;63,32465
"2021-04-22 14:23:14";30,46875;65,22353
"2021-04-22 14:24:14";29,26975;59,47266
"2021-04-22 14:25:14";30,38194;64,95768
"2021-04-22 14:26:14";28,79774;58,74566
"2021-04-22 14:27:14";29,49219;62,27214
"2021-04-22 14:28:14";29,81228;63,18902
"2021-04-22 14:29:14";29,76888;63,45486
"2021-04-22 14:30:14";29,81771;63,55794
"2021-04-22 14:31:14";29,90994;63,34093
"2021-04-22 14:32:14";29,82856;62,66276
"2021-04-22 14:33:14";29,51931;62,38064
"2021-04-22 14:34:14";29,67665;62,52713
"2021-04-22 14:35:14";30,16493;64,4911
"2021-04-22 14:36:14";29,62782;61,93034
"2021-04-22 14:37:14";29,44336;59,96094
"2021-04-22 14:38:14";30,30599;65,43511
"2021-04-22 14:39:14";29,97504;62,53798
"2021-04-22 14:40:14";31,41276;70,31792
"2021-04-22 14:41:14";29,30773;58,82161
"2021-04-22 14:42:14";31,51042;72,03233
"2021-04-22 14:43:14";29,59527;59,78733
"2021-04-22 14:44:14";29,92622;64,05165
"2021-04-22 14:45:14";29,83941;62,42405
"2021-04-22 14:46:14";29,52474;59,72222
"2021-04-22 14:47:14";29,3023;60,574
"2021-04-22 14:48:14";29,97504;66,11328
"2021-04-22 14:49:14";29,87739;64,68642
"2021-04-22 14:50:14";30,42535;67,79514
"2021-04-22 14:51:14";28,39084;55,4362
"2021-04-22 14:52:14";30,36567;68,76627
"2021-04-22 14:53:14";30,12695;66,37912
"2021-04-22 14:54:14";29,18837;59,84158
"2021-04-22 14:55:14";29,74718;63,57422
"2021-04-22 14:56:14";31,52127;74,58224
"2021-04-22 14:57:14";29,40538;60,04232
"2021-04-22 14:58:14";30,7997;69,477
"2021-04-22 14:59:14";29,78516;63,84549
"2021-04-22 15:00:13";29,03646;59,36415
"2021-04-22 15:01:13";30,76714;69,59093
"2021-04-22 15:02:13";28,67296;58,11089
"2021-04-22 15:03:13";30,69662;69,23286
"2021-04-22 15:04:13";28,90625;59,47808
"2021-04-22 15:05:13";29,81771;64,05708
"2021-04-22 15:06:13";29,70378;62,99371
"2021-04-22 15:07:13";28,22808;55,11068
"2021-04-22 15:08:13";27,3329;53,88455
"2021-04-22 15:09:13";27,08333;51,70898
"2021-04-22 15:10:13";26,81749;51,76324
"2021-04-22 15:11:13";26,53537;50,64561
"2021-04-22 15:12:13";26,70356;51,31293
"2021-04-22 15:13:13";26,67643;52,32747
"2021-04-22 15:14:13";31,97157;38,95399
"2021-04-22 15:15:13";34,00608;45,22027
"2021-04-22 15:16:13";33,26823;44,33051
"2021-04-22 15:17:13";35,8941;54,75261
"2021-04-22 15:18:13";34,72222;51,76324
"2021-04-22 15:19:13";32,96983;46,74479
"2021-04-22 15:20:13";32,31879;45,30165
"2021-04-22 15:21:13";31,19575;42,79514
"2021-04-22 15:22:13";29,54102;47,69423
"2021-04-22 15:23:13";28,67296;46,71767
"2021-04-22 15:24:13";28,10872;46,35959
"2021-04-22 15:25:13";27,91341;45,91471
"2021-04-22 15:26:13";27,8049;45,85503
"2021-04-22 15:27:13";28,37999;47,85156
"2021-04-22 15:28:13";27,62587;45,60004
"2021-04-22 15:29:13";27,15929;45,3125
"2021-04-22 15:30:13";26,94227;43,54384
"2021-04-22 15:31:13";26,41059;41,91623
"2021-04-22 15:32:13";26,51367;43,82053
"2021-04-22 15:33:13";27,15386;46,22396
"2021-04-22 15:34:13";25,85178;27,92969
"2021-04-22 15:35:13";26,69813;30,95161
"2021-04-22 15:36:13";27,02908;38,49284
"2021-04-22 15:37:13";26,71984;36,98459
"2021-04-22 15:38:13";26,00369;35,102
"2021-04-22 15:39:13";25,72157;34,02235
"2021-04-22 15:40:13";25,8355;37,9069
"2021-04-22 15:41:13";28,34744;49,5931
"2021-04-22 15:42:13";31,55924;64,1276
"2021-04-22 15:43:13";32,11806;62,99371
"2021-04-22 15:44:13";32,12348;63,96484
"2021-04-22 15:45:13";30,523;55,778
"2021-04-22 15:46:13";28,73806;47,77018
"2021-04-22 15:47:13";28,52648;48,0306
"2021-04-22 15:48:13";28,01107;48,14996
"2021-04-22 15:49:13";27,73438;47,49892
"2021-04-22 15:50:13";28,70009;53,54818
"2021-04-22 15:51:13";28,1684;50,75412
"2021-04-22 15:52:13";27,3546;47,53689
"2021-04-22 15:53:13";26,9694;47,15712
"2021-04-22 15:54:13";30,30056;43,59809
"2021-04-22 15:55:13";31,64605;60,02061
"2021-04-22 15:56:13";31,97157;63,95399
"2021-04-22 15:57:13";32,06923;66,03732
"2021-04-22 15:58:13";31,9987;68,79883
"2021-04-22 15:59:13";31,80338;66,68837
"2021-04-22 16:00:12";31,33681;67,74088
"2021-04-22 16:01:12";31,53212;68,30512
"2021-04-22 16:02:12";32,17231;71,75565
"2021-04-22 16:03:12";31,83594;75,26584
"2021-04-22 16:04:12";31,96615;76,15018
"2021-04-22 16:05:12";32,16146;74,51714
"2021-04-22 16:06:12";32,17231;73,98003
"2021-04-22 16:07:12";32,28624;71,65256
"2021-04-22 16:08:12";32,24284;69,74826
"2021-04-22 16:09:12";31,90104;73,54601
"2021-04-22 16:10:12";31,77083;71,26736
"2021-04-22 16:11:12";31,85221;71,00152
"2021-04-22 16:12:12";31,68403;70,75738
"2021-04-22 16:13:12";31,41276;70,83334
"2021-04-22 16:14:12";31,03299;45,81706
"2021-04-22 16:15:12";31,7003;58,9464
"2021-04-22 16:16:12";31,66775;63,54709
"2021-04-22 16:17:12";31,38563;67,64323
"2021-04-22 16:18:12";31,15777;67,06815
"2021-04-22 16:19:12";30,7997;67,30143
"2021-04-22 16:20:12";30,81597;68,45161
"2021-04-22 16:21:12";30,9299;67,31229
"2021-04-22 16:22:12";30,83225;70,90929
"2021-04-22 16:23:12";30,63151;69,68858
"2021-04-22 16:24:12";30,62609;68,20204
"2021-04-22 16:25:12";30,72374;66,06445
"2021-04-22 16:26:12";30,63151;66,49848
"2021-04-22 16:27:12";30,71289;67,58897
"2021-04-22 16:28:12";30,4145;67,37196
"2021-04-22 16:29:12";30,46333;66,55816
"2021-04-22 16:30:12";30,63694;69,40104
"2021-04-22 16:31:12";30,56098;69,92188
"2021-04-22 16:32:12";30,49045;69,96528
"2021-04-22 16:33:12";30,36567;66,87283
"2021-04-22 16:34:12";30,58268;36,4095
"2021-04-22 16:35:12";31,33138;57,52496
"2021-04-22 16:36:12";31,03841;63,80208
"2021-04-22 16:37:12";31,1849;63,21614
"2021-04-22 16:38:12";31,09266;63,75868
"2021-04-22 16:39:12";30,34397;60,69336
"2021-04-22 16:40:12";30,44162;63,47656
"2021-04-22 16:41:12";30,20291;63,21614
"2021-04-22 16:42:12";30,36024;61,90321
