"TimeString";"HUMEDAD GRANO";"TEMPERATURA GRANO"
"2021-04-21 16:18:25";0;0
"2021-04-21 16:19:25";0;0
"2021-04-21 16:20:25";0;0
"2021-04-21 16:21:25";0;0
"2021-04-21 16:22:25";0;0
"2021-04-21 16:23:25";0;0
"2021-04-21 16:24:25";0;0
"2021-04-21 16:25:25";0;0
"2021-04-21 16:26:25";0;0
"2021-04-21 16:27:25";0;0
"2021-04-21 16:28:25";0;0
"2021-04-21 16:29:25";0;0
"2021-04-21 16:30:25";0;0
"2021-04-21 16:31:25";0;0
"2021-04-21 16:32:25";0;0
"2021-04-21 16:33:25";0;0
"2021-04-21 16:34:25";0;0
"2021-04-21 16:35:25";0;0
"2021-04-21 16:36:25";0;0
"2021-04-21 16:37:25";0;0
"2021-04-21 16:38:25";0;0
"2021-04-21 16:39:25";0;0
"2021-04-21 16:40:25";0;0
"2021-04-21 16:41:25";0;0
"2021-04-21 16:42:25";0;0
"2021-04-21 16:43:25";0;0
"2021-04-21 16:44:25";0;0
"2021-04-21 16:45:25";0;0
"2021-04-21 16:46:25";0;0
"2021-04-21 16:47:25";0;0
"2021-04-21 16:48:25";0;0
"2021-04-21 16:49:25";0;0
"2021-04-21 16:50:25";0;0
"2021-04-21 16:51:25";0;0
"2021-04-21 16:52:25";0;0
"2021-04-21 16:53:25";0;0
"2021-04-21 16:54:25";0;0
"2021-04-21 16:55:25";0;0
"2021-04-21 16:56:25";0;0
"2021-04-21 16:57:25";0;0
"2021-04-21 16:58:25";0;0
"2021-04-21 16:59:25";0;0
"2021-04-21 17:00:25";0;0
"2021-04-21 17:01:25";0;0
"2021-04-21 17:02:25";0;0
"2021-04-21 17:03:25";0;0
"2021-04-21 17:04:25";0;0
"2021-04-21 17:05:25";0;0
"2021-04-21 17:06:25";0;0
"2021-04-21 17:07:25";0;0
"2021-04-21 17:08:25";0;0
"2021-04-21 17:09:25";0;0
"2021-04-21 17:10:25";0;0
"2021-04-21 17:11:25";0;0
"2021-04-21 17:12:25";0;0
"2021-04-21 17:13:25";0;0
"2021-04-21 17:14:25";0;0
"2021-04-21 17:15:25";0;0
"2021-04-21 17:16:25";0;0
"2021-04-21 17:17:25";0;0
"2021-04-21 17:18:25";0;0
"2021-04-21 17:19:25";0;0
"2021-04-21 17:20:25";0;0
"2021-04-21 17:21:25";0;0
"2021-04-21 17:22:25";0;0
"2021-04-21 17:23:25";0;0
"2021-04-21 17:24:25";0;0
"2021-04-21 17:25:25";0;0
"2021-04-21 17:26:25";0;0
"2021-04-21 17:27:25";0;0
"2021-04-21 17:28:25";0;0
"2021-04-21 17:29:25";0;0
"2021-04-21 17:30:25";0;0
"2021-04-21 17:31:25";0;0
"2021-04-21 17:32:25";0;0
"2021-04-21 17:33:25";0;0
"2021-04-21 17:34:25";0;0
"2021-04-21 17:35:25";0;0
"2021-04-21 17:36:25";0;0
"2021-04-21 17:37:25";0;0
"2021-04-21 17:38:25";0;0
"2021-04-21 17:39:25";0;0
"2021-04-21 17:40:25";0;0
"2021-04-21 17:41:25";0;0
"2021-04-21 17:42:25";0;0
"2021-04-21 17:43:25";0;0
"2021-04-21 17:44:25";0;0
"2021-04-21 17:45:25";0;0
"2021-04-21 17:46:25";0;0
"2021-04-21 17:47:25";0;0
"2021-04-21 17:48:25";0;0
"2021-04-21 17:49:25";0;0
"2021-04-21 17:50:25";0;0
"2021-04-21 17:51:25";0;0
"2021-04-21 17:52:25";0;0
"2021-04-21 17:53:25";0;0
"2021-04-21 17:54:25";0;0
"2021-04-21 17:55:25";0;0
"2021-04-21 17:56:25";0;0
"2021-04-21 17:57:25";0;0
"2021-04-21 17:58:25";0;0
"2021-04-21 17:59:25";0;0
"2021-04-21 18:00:24";0;0
"2021-04-21 18:01:24";0;0
"2021-04-21 18:02:24";0;0
"2021-04-21 18:03:24";0;0
"2021-04-21 18:04:24";0;0
"2021-04-21 18:05:24";0;0
"2021-04-21 18:06:24";0;0
"2021-04-21 18:07:24";0;0
"2021-04-21 18:08:24";0;0
"2021-04-21 18:09:24";0;0
"2021-04-21 18:10:24";0;0
"2021-04-21 18:11:24";0;0
"2021-04-21 18:12:24";0;0
"2021-04-21 18:13:24";0;0
"2021-04-21 18:14:24";0;0
"2021-04-21 18:15:24";0;0
"2021-04-21 18:16:24";0;0
"2021-04-21 18:17:24";0;0
"2021-04-21 18:18:24";0;0
"2021-04-21 18:19:24";0;0
"2021-04-21 18:20:24";0;0
"2021-04-21 18:21:24";0;0
"2021-04-21 18:22:24";0;0
"2021-04-21 18:23:24";0;0
"2021-04-21 18:24:24";0;0
"2021-04-21 18:25:24";0;0
"2021-04-21 18:26:24";0;0
"2021-04-21 18:27:24";0;0
"2021-04-21 18:28:24";0;0
"2021-04-21 18:29:24";0;0
"2021-04-21 18:30:24";0;0
"2021-04-21 18:31:24";0;0
"2021-04-21 18:32:24";0;0
"2021-04-21 18:33:24";0;0
"2021-04-21 18:34:24";0;0
"2021-04-21 18:35:24";0;0
"2021-04-21 18:36:24";0;0
"2021-04-21 18:37:24";0;0
"2021-04-21 18:38:24";0;0
"2021-04-21 18:39:24";0;0
"2021-04-21 18:40:24";0;0
"2021-04-21 18:41:24";0;0
"2021-04-21 18:42:24";0;0
"2021-04-21 18:43:24";0;0
"2021-04-21 18:44:24";0;0
"2021-04-21 18:45:24";0;0
"2021-04-21 18:46:24";0;0
"2021-04-21 18:47:24";0;0
"2021-04-21 18:48:24";0;0
"2021-04-21 18:49:24";0;0
"2021-04-21 18:50:24";0;0
"2021-04-21 18:51:24";0;0
"2021-04-21 18:52:24";0;0
"2021-04-21 18:53:24";0;0
"2021-04-21 18:54:24";0;0
"2021-04-21 18:55:24";0;0
"2021-04-21 18:56:24";0;0
"2021-04-21 18:57:24";0;0
"2021-04-21 18:58:24";0;0
"2021-04-21 18:59:24";0;0
"2021-04-21 19:00:23";0;0
"2021-04-21 19:01:23";0;0
"2021-04-21 19:02:23";0;0
"2021-04-21 19:03:23";0;0
"2021-04-21 19:04:23";0;0
"2021-04-21 19:05:23";0;0
"2021-04-21 19:06:23";0;0
"2021-04-21 19:07:23";0;0
"2021-04-21 19:08:23";0;0
"2021-04-21 19:09:24";0;0
"2021-04-21 19:10:23";0;0
"2021-04-21 19:11:23";0;0
"2021-04-21 19:12:23";0;0
"2021-04-21 19:13:23";0;0
"2021-04-21 19:14:23";0;0
"2021-04-21 19:15:23";0;0
"2021-04-21 19:16:23";0;0
"2021-04-21 19:17:23";0;0
"2021-04-21 19:18:23";0;0
"2021-04-21 19:19:23";0;0
"2021-04-21 19:20:23";0;0
"2021-04-21 19:21:23";0;0
"2021-04-21 19:22:23";0;0
"2021-04-21 19:23:23";0;0
"2021-04-21 19:24:23";0;0
"2021-04-21 19:25:23";0;0
"2021-04-21 19:26:23";0;0
"2021-04-21 19:27:23";0;0
"2021-04-21 19:28:23";0;0
"2021-04-21 19:29:24";0;0
"2021-04-21 19:30:23";0;0
"2021-04-21 19:31:23";0;0
"2021-04-21 19:32:23";0;0
"2021-04-21 19:33:23";0;0
"2021-04-21 19:34:23";0;0
"2021-04-21 19:35:23";0;0
"2021-04-21 19:36:23";0;0
"2021-04-21 19:37:23";0;0
"2021-04-21 19:38:23";0;0
"2021-04-21 19:39:23";0;0
"2021-04-21 19:40:23";0;0
"2021-04-21 19:41:23";0;0
"2021-04-21 19:42:23";0;0
"2021-04-21 19:43:23";0;0
"2021-04-21 19:44:23";0;0
"2021-04-21 19:45:23";0;0
"2021-04-21 19:46:23";0;0
"2021-04-21 19:47:23";0;0
"2021-04-21 19:48:24";0;0
"2021-04-21 19:49:23";0;0
"2021-04-21 19:50:23";0;0
"2021-04-21 19:51:23";0;0
"2021-04-21 19:52:23";0;0
"2021-04-21 19:53:23";0;0
"2021-04-21 19:54:23";0;0
"2021-04-21 19:55:23";0;0
"2021-04-21 19:56:23";0;0
"2021-04-21 19:57:23";0;0
"2021-04-21 19:58:23";0;0
"2021-04-21 19:59:23";0;0
"2021-04-21 20:00:23";0;0
"2021-04-21 20:01:23";0;0
"2021-04-21 20:02:23";0;0
"2021-04-21 20:03:23";0;0
"2021-04-21 20:04:23";0;0
"2021-04-21 20:05:23";0;0
"2021-04-21 20:06:23";0;0
"2021-04-21 20:07:23";0;0
"2021-04-21 20:08:23";0;0
"2021-04-21 20:09:23";0;0
"2021-04-21 20:10:23";0;0
"2021-04-21 20:11:23";0;0
"2021-04-21 20:12:23";0;0
"2021-04-21 20:13:23";0;0
"2021-04-21 20:14:23";0;0
"2021-04-21 20:15:23";0;0
"2021-04-21 20:16:23";0;0
"2021-04-21 20:17:23";0;0
"2021-04-21 20:18:23";0;0
"2021-04-21 20:19:23";0;0
"2021-04-21 20:20:23";0;0
"2021-04-21 20:21:23";0;0
"2021-04-21 20:22:23";0;0
"2021-04-21 20:23:23";0;0
"2021-04-21 20:24:23";0;0
"2021-04-21 20:25:23";0;0
"2021-04-21 20:26:23";0;0
"2021-04-21 20:27:23";0;0
"2021-04-21 20:28:23";0;0
"2021-04-21 20:29:23";0;0
"2021-04-21 20:30:23";0;0
"2021-04-21 20:31:23";0;0
"2021-04-21 20:32:23";0;0
"2021-04-21 20:33:23";0;0
"2021-04-21 20:34:23";0;0
"2021-04-21 20:35:23";0;0
"2021-04-21 20:36:23";0;0
"2021-04-21 20:37:23";0;0
"2021-04-21 20:38:23";0;0
"2021-04-21 20:39:23";15,93863;29,51448
"2021-04-21 20:40:23";16,19398;29,47517
"2021-04-21 20:41:23";16,39305;29,61583
"2021-04-21 20:42:23";16,48686;30,22037
"2021-04-21 20:43:23";16,64937;31,1534
"2021-04-21 20:44:23";16,67753;31,3356
"2021-04-21 20:45:23";16,65609;31,88524
"2021-04-21 20:46:23";16,75632;32,43644
"2021-04-21 20:47:23";16,98248;32,87778
"2021-04-21 20:48:23";17,00056;32,97806
"2021-04-21 20:49:23";16,96124;33,04597
"2021-04-21 20:50:23";17,06662;32,94017
"2021-04-21 20:51:23";17,00861;33,17912
"2021-04-21 20:52:23";17,02847;33,18068
"2021-04-21 20:53:23";17,08792;33,30079
"2021-04-21 20:54:23";17,11201;33,26604
"2021-04-21 20:55:23";17,14706;33,40934
"2021-04-21 20:56:23";17,26378;33,47454
"2021-04-21 20:57:23";17,24292;33,58692
"2021-04-21 20:58:23";17,37013;33,6288
"2021-04-21 20:59:23";17,39381;33,54008
"2021-04-21 21:00:23";17,40981;33,52962
"2021-04-21 21:01:23";17,46918;33,47189
"2021-04-21 21:02:23";17,56616;33,44819
"2021-04-21 21:03:23";17,61242;33,45848
"2021-04-21 21:04:23";17,5871;33,48876
"2021-04-21 21:05:23";17,54631;33,50385
"2021-04-21 21:06:23";17,64504;33,36971
"2021-04-21 21:07:23";17,5805;33,34007
"2021-04-21 21:08:23";17,51371;33,50598
"2021-04-21 21:09:23";17,48199;33,98156
"2021-04-21 21:10:23";17,64142;34,67569
"2021-04-21 21:11:23";17,67297;35,09975
"2021-04-21 21:12:23";17,79085;35,21191
"2021-04-21 21:13:23";17,82721;34,96597
"2021-04-21 21:14:23";17,73531;34,93588
"2021-04-21 21:15:23";17,76368;34,94159
"2021-04-21 21:16:23";17,63637;34,9395
"2021-04-21 21:17:23";17,56961;35,01446
"2021-04-21 21:18:23";17,58648;35,07732
"2021-04-21 21:19:23";17,6041;35,22043
"2021-04-21 21:20:23";17,51479;35,15575
"2021-04-21 21:21:23";17,53901;35,20182
"2021-04-21 21:22:23";17,50739;35,23452
"2021-04-21 21:23:23";17,53435;35,2532
"2021-04-21 21:24:23";17,56374;35,32157
"2021-04-21 21:25:23";17,59274;35,42962
"2021-04-21 21:26:23";17,58477;35,38506
"2021-04-21 21:27:23";17,58576;35,52254
"2021-04-21 21:28:23";17,53507;35,60128
"2021-04-21 21:29:23";17,62924;35,68801
"2021-04-21 21:30:23";17,58992;35,78721
"2021-04-21 21:31:23";17,49855;35,97388
"2021-04-21 21:32:23";17,58437;35,82896
"2021-04-21 21:33:23";17,48083;35,93394
"2021-04-21 21:34:23";17,48851;36,02011
"2021-04-21 21:35:23";17,44763;36,08533
"2021-04-21 21:36:23";17,49009;36,07565
"2021-04-21 21:37:23";17,46338;36,18601
"2021-04-21 21:38:23";17,48356;36,21842
"2021-04-21 21:39:23";17,48952;36,24076
"2021-04-21 21:40:23";17,61644;36,04636
"2021-04-21 21:41:23";17,53093;36,18902
"2021-04-21 21:42:23";17,56143;36,2424
"2021-04-21 21:43:23";17,65749;36,22954
"2021-04-21 21:44:23";17,6701;36,2538
"2021-04-21 21:45:23";17,66693;36,1955
"2021-04-21 21:46:23";17,68121;36,35884
"2021-04-21 21:47:23";17,64031;36,32678
"2021-04-21 21:48:23";17,72477;36,30045
"2021-04-21 21:49:23";17,63403;36,43362
"2021-04-21 21:50:23";17,64909;36,45965
"2021-04-21 21:51:23";17,63126;36,42294
"2021-04-21 21:52:23";17,663;36,58469
"2021-04-21 21:53:23";17,62918;36,63136
"2021-04-21 21:54:23";17,58555;36,59031
"2021-04-21 21:55:23";17,54241;36,74506
"2021-04-21 21:56:23";17,57034;36,82185
"2021-04-21 21:57:23";17,57491;36,8404
"2021-04-21 21:58:23";17,44936;36,84713
"2021-04-21 21:59:23";17,40879;36,9065
"2021-04-21 22:00:22";17,36761;36,91425
"2021-04-21 22:01:22";17,36531;36,89904
"2021-04-21 22:02:22";17,27865;36,85826
"2021-04-21 22:03:22";17,27291;36,82824
"2021-04-21 22:04:22";17,25106;36,92957
"2021-04-21 22:05:22";17,20618;36,8325
"2021-04-21 22:06:22";17,12342;36,76839
"2021-04-21 22:07:22";17,10826;36,81994
"2021-04-21 22:08:22";17,14765;36,84451
"2021-04-21 22:09:22";17,15903;36,80106
"2021-04-21 22:10:22";17,09776;36,76911
"2021-04-21 22:11:22";17,08979;36,70821
"2021-04-21 22:12:22";17,0701;36,72578
"2021-04-21 22:13:22";17,09688;36,58574
"2021-04-21 22:14:22";17,13234;36,60244
"2021-04-21 22:15:22";17,09435;36,74649
"2021-04-21 22:16:22";17,14201;36,64317
"2021-04-21 22:17:22";17,12734;36,60166
"2021-04-21 22:18:22";17,11171;36,65108
"2021-04-21 22:19:22";17,09839;36,7687
"2021-04-21 22:20:22";17,17665;36,68761
"2021-04-21 22:21:22";17,09496;36,7062
"2021-04-21 22:22:22";17,14482;36,7379
"2021-04-21 22:23:22";17,13964;36,59255
"2021-04-21 22:24:22";17,1669;36,59874
"2021-04-21 22:25:22";17,13376;36,57676
"2021-04-21 22:26:22";17,14788;36,48468
"2021-04-21 22:27:22";17,12285;36,51407
"2021-04-21 22:28:22";17,19548;36,53868
"2021-04-21 22:29:22";17,19772;36,46129
"2021-04-21 22:30:22";17,14547;36,48309
"2021-04-21 22:31:22";17,22847;36,51013
"2021-04-21 22:32:22";17,11312;36,54519
"2021-04-21 22:33:22";17,12564;36,53277
"2021-04-21 22:34:22";17,1082;36,64707
"2021-04-21 22:35:22";17,10556;36,65087
"2021-04-21 22:36:22";17,0016;36,64707
"2021-04-21 22:37:22";17,00194;36,57839
"2021-04-21 22:38:22";16,9493;36,57601
"2021-04-21 22:39:22";16,91837;36,52164
"2021-04-21 22:40:22";16,83835;36,58161
"2021-04-21 22:41:22";16,8799;36,51397
"2021-04-21 22:42:22";16,7975;36,48243
"2021-04-21 22:43:22";16,82354;36,47422
"2021-04-21 22:44:22";16,81949;36,37818
"2021-04-21 22:45:22";16,78121;36,35807
"2021-04-21 22:46:22";16,80199;36,319
"2021-04-21 22:47:22";16,78552;36,39717
"2021-04-21 22:48:22";16,80905;36,35891
"2021-04-21 22:49:22";16,74887;36,31059
"2021-04-21 22:50:22";16,71971;36,33953
"2021-04-21 22:51:22";16,65485;36,2989
"2021-04-21 22:52:22";16,61864;36,31302
"2021-04-21 22:53:22";16,63591;36,28033
"2021-04-21 22:54:22";16,57889;36,23867
"2021-04-21 22:55:22";16,53135;36,17174
"2021-04-21 22:56:22";16,55675;36,07398
"2021-04-21 22:57:22";16,52702;36,05501
"2021-04-21 22:58:22";16,51942;36,07704
"2021-04-21 22:59:22";16,47792;36,07269
"2021-04-21 23:00:21";16,51348;36,09284
"2021-04-21 23:01:21";16,59026;36,05634
"2021-04-21 23:02:21";16,55592;36,0097
"2021-04-21 23:03:21";16,57175;35,97451
"2021-04-21 23:04:21";16,52548;35,94327
"2021-04-21 23:05:21";16,52897;35,8784
"2021-04-21 23:06:21";16,4808;35,87993
"2021-04-21 23:07:21";16,50835;35,81754
"2021-04-21 23:08:21";16,48347;35,7776
"2021-04-21 23:09:21";16,47444;35,76727
"2021-04-21 23:10:21";16,43595;35,73538
"2021-04-21 23:11:21";16,45289;35,67632
"2021-04-21 23:12:21";16,46575;35,62673
"2021-04-21 23:13:21";16,47941;35,65334
"2021-04-21 23:14:21";16,47728;35,59573
"2021-04-21 23:15:21";16,52607;35,54918
"2021-04-21 23:16:21";16,50568;35,50586
"2021-04-21 23:17:21";16,45565;35,52757
"2021-04-21 23:18:21";16,51915;35,52343
"2021-04-21 23:19:22";16,44426;35,53095
"2021-04-21 23:20:22";16,47536;35,5013
"2021-04-21 23:21:22";16,42361;35,50237
"2021-04-21 23:22:21";16,41574;35,49856
"2021-04-21 23:23:21";16,35589;35,48705
"2021-04-21 23:24:21";16,34612;35,48995
"2021-04-21 23:25:21";16,37378;35,59151
"2021-04-21 23:26:21";16,29127;35,70881
"2021-04-21 23:27:21";16,30519;35,87966
"2021-04-21 23:28:21";16,30366;36,21617
"2021-04-21 23:29:21";16,33626;36,43944
"2021-04-21 23:30:21";16,35641;36,83527
"2021-04-21 23:31:21";16,37391;36,89354
"2021-04-21 23:32:21";16,36607;37,16444
"2021-04-21 23:33:21";16,37938;37,14224
"2021-04-21 23:34:21";16,30799;37,27481
"2021-04-21 23:35:21";16,3541;37,285
"2021-04-21 23:36:21";16,30179;37,32573
"2021-04-21 23:37:21";16,26965;37,34616
"2021-04-21 23:38:21";16,18895;37,36052
"2021-04-21 23:39:22";16,25909;37,36711
"2021-04-21 23:40:22";16,20399;37,56006
"2021-04-21 23:41:22";16,18316;37,56394
"2021-04-21 23:42:21";16,20284;37,52217
"2021-04-21 23:43:21";16,14161;37,62252
"2021-04-21 23:44:21";16,14196;37,5049
"2021-04-21 23:45:21";16,19025;37,56623
"2021-04-21 23:46:21";16,15648;37,48464
"2021-04-21 23:47:21";16,12229;37,56374
"2021-04-21 23:48:21";16,16231;37,60603
"2021-04-21 23:49:21";16,16057;37,55338
"2021-04-21 23:50:21";16,16942;37,63482
"2021-04-21 23:51:21";16,19151;37,55798
"2021-04-21 23:52:21";16,19425;37,56298
"2021-04-21 23:53:21";16,06792;37,76134
"2021-04-21 23:54:21";16,14558;37,64504
"2021-04-21 23:55:21";16,12224;37,51934
"2021-04-21 23:56:21";16,12893;37,68705
"2021-04-21 23:57:21";16,12112;37,49712
"2021-04-21 23:58:22";16,13986;37,50029
"2021-04-21 23:59:22";16,11794;37,52261
"2021-04-22 00:00:21";16,10478;37,76642
"2021-04-22 00:01:21";16,07623;37,65888
"2021-04-22 00:02:21";16,15404;37,51296
"2021-04-22 00:03:21";16,19308;37,51242
"2021-04-22 00:04:21";16,15856;37,53278
"2021-04-22 00:05:21";16,16129;37,52781
"2021-04-22 00:06:21";16,20023;37,5022
"2021-04-22 00:07:21";16,16991;37,57581
"2021-04-22 00:08:21";16,11816;37,86311
"2021-04-22 00:09:21";16,15852;38,2066
"2021-04-22 00:10:21";16,1083;38,41185
"2021-04-22 00:11:21";16,10947;38,4542
"2021-04-22 00:12:21";16,11477;38,45711
"2021-04-22 00:13:21";16,08361;38,60207
"2021-04-22 00:14:21";16,07576;38,75613
"2021-04-22 00:15:21";16,07558;38,81248
"2021-04-22 00:16:21";16,07345;38,87465
"2021-04-22 00:17:21";16,06438;38,81357
"2021-04-22 00:18:21";16,04351;39,0136
"2021-04-22 00:19:21";15,98506;38,91165
"2021-04-22 00:20:21";16,04885;38,91838
"2021-04-22 00:21:21";15,99144;38,9528
"2021-04-22 00:22:21";16,00066;39,0741
"2021-04-22 00:23:21";15,94876;39,07525
"2021-04-22 00:24:21";15,92058;39,14931
"2021-04-22 00:25:21";15,88585;39,06599
"2021-04-22 00:26:21";15,92882;39,02483
"2021-04-22 00:27:21";15,8843;39,252
"2021-04-22 00:28:21";15,87804;39,20774
"2021-04-22 00:29:21";15,84602;39,24283
"2021-04-22 00:30:21";15,77844;39,46618
"2021-04-22 00:31:21";15,82577;39,3652
"2021-04-22 00:32:21";15,84;39,40474
"2021-04-22 00:33:21";15,82204;39,41457
"2021-04-22 00:34:21";15,81922;39,33262
"2021-04-22 00:35:21";15,85408;39,29362
"2021-04-22 00:36:21";15,81901;39,42319
"2021-04-22 00:37:21";15,7842;39,42151
"2021-04-22 00:38:21";15,7568;39,29789
"2021-04-22 00:39:21";15,77251;39,49912
"2021-04-22 00:40:21";15,68583;39,29239
"2021-04-22 00:41:21";15,72481;39,19047
"2021-04-22 00:42:21";15,74631;39,16582
"2021-04-22 00:43:21";15,67292;39,28908
"2021-04-22 00:44:21";15,67426;39,19619
"2021-04-22 00:45:21";15,68166;39,25248
"2021-04-22 00:46:21";15,67208;39,14436
"2021-04-22 00:47:21";15,66969;39,19027
"2021-04-22 00:48:21";15,65962;39,23539
"2021-04-22 00:49:21";15,67943;39,24004
"2021-04-22 00:50:21";15,58512;39,42315
"2021-04-22 00:51:21";15,60408;39,35694
"2021-04-22 00:52:21";15,63532;39,29419
"2021-04-22 00:53:21";15,54887;39,34209
"2021-04-22 00:54:21";15,53095;39,24428
"2021-04-22 00:55:21";15,50007;39,41807
"2021-04-22 00:56:21";15,46378;39,66978
"2021-04-22 00:57:21";15,44623;39,68663
"2021-04-22 00:58:21";15,47919;39,68723
"2021-04-22 00:59:21";15,5083;39,71533
"2021-04-22 01:00:20";15,48331;39,80188
"2021-04-22 01:01:20";15,45451;39,80521
"2021-04-22 01:02:20";15,4956;40,00896
"2021-04-22 01:03:20";15,48512;39,73743
"2021-04-22 01:04:21";15,4445;39,81682
"2021-04-22 01:05:21";15,40842;39,87372
"2021-04-22 01:06:21";15,4209;39,96926
"2021-04-22 01:07:21";15,36223;40,07689
"2021-04-22 01:08:21";15,30464;40,30756
"2021-04-22 01:09:21";15,29215;40,00395
"2021-04-22 01:10:21";15,27066;40,01066
"2021-04-22 01:11:21";15,28622;39,98994
"2021-04-22 01:12:21";15,23123;39,96064
"2021-04-22 01:13:21";15,22225;40,00778
"2021-04-22 01:14:21";15,16118;40,14626
"2021-04-22 01:15:21";15,12488;40,08976
"2021-04-22 01:16:21";15,1702;40,15968
"2021-04-22 01:17:21";15,13252;40,18329
"2021-04-22 01:18:21";15,10806;40,36012
"2021-04-22 01:19:20";15,12377;40,23558
"2021-04-22 01:20:20";15,12177;40,39586
"2021-04-22 01:21:20";15,15092;40,1381
"2021-04-22 01:22:20";15,12767;40,22369
"2021-04-22 01:23:20";15,12311;40,01737
"2021-04-22 01:24:20";15,13671;39,84843
"2021-04-22 01:25:21";15,01809;40,01564
"2021-04-22 01:26:21";15,01925;39,94781
"2021-04-22 01:27:21";15,08352;40,00714
"2021-04-22 01:28:21";14,99843;39,88055
"2021-04-22 01:29:21";14,94258;39,84553
"2021-04-22 01:30:21";14,8924;39,85932
"2021-04-22 01:31:21";14,87495;39,69597
"2021-04-22 01:32:21";14,87279;39,72069
"2021-04-22 01:33:21";14,90009;39,6866
"2021-04-22 01:34:21";14,82683;40,01308
"2021-04-22 01:35:21";14,80276;40,16231
"2021-04-22 01:36:21";14,78918;40,02605
"2021-04-22 01:37:21";14,82659;39,96864
"2021-04-22 01:38:21";14,74485;39,86634
"2021-04-22 01:39:21";14,78055;39,97015
"2021-04-22 01:40:21";14,69385;39,96819
"2021-04-22 01:41:21";14,67509;39,83268
"2021-04-22 01:42:21";14,65938;39,74725
"2021-04-22 01:43:21";14,59947;39,80249
"2021-04-22 01:44:21";14,60934;39,62023
"2021-04-22 01:45:21";14,58962;39,59754
"2021-04-22 01:46:21";14,54467;39,58964
"2021-04-22 01:47:20";14,55444;39,50698
"2021-04-22 01:48:20";14,57351;39,45592
"2021-04-22 01:49:20";14,48532;39,45575
"2021-04-22 01:50:20";14,51888;39,41323
"2021-04-22 01:51:20";14,50415;39,21943
"2021-04-22 01:52:20";14,54789;39,18857
"2021-04-22 01:53:21";14,51057;39,17855
"2021-04-22 01:54:21";14,43547;39,11645
"2021-04-22 01:55:21";14,42364;39,05508
"2021-04-22 01:56:21";14,3818;38,98411
"2021-04-22 01:57:21";14,30733;39,06924
"2021-04-22 01:58:21";14,3372;39,25688
"2021-04-22 01:59:21";14,28106;39,55366
"2021-04-22 02:00:20";14,27389;39,99676
"2021-04-22 02:01:20";14,25729;40,30194
"2021-04-22 02:02:20";14,18599;40,76465
"2021-04-22 02:03:20";14,21319;40,94353
"2021-04-22 02:04:20";14,28228;41,1868
"2021-04-22 02:05:20";14,28617;41,1297
"2021-04-22 02:06:20";14,24094;41,22924
"2021-04-22 02:07:20";14,28176;41,35294
"2021-04-22 02:08:20";14,30392;41,40985
"2021-04-22 02:09:20";14,28523;41,54509
"2021-04-22 02:10:20";14,21318;41,6132
"2021-04-22 02:11:20";14,2101;41,66564
"2021-04-22 02:12:20";14,15802;41,77689
"2021-04-22 02:13:20";14,18889;41,73526
"2021-04-22 02:14:20";14,18916;41,62185
"2021-04-22 02:15:20";14,17045;41,59003
"2021-04-22 02:16:20";14,2238;41,42432
"2021-04-22 02:17:20";14,13732;41,60089
"2021-04-22 02:18:20";14,12168;41,57707
"2021-04-22 02:19:20";14,17228;41,39405
"2021-04-22 02:20:20";14,13636;41,55106
"2021-04-22 02:21:20";14,11038;41,60444
"2021-04-22 02:22:20";14,1582;41,34273
"2021-04-22 02:23:20";14,15254;41,32892
"2021-04-22 02:24:20";14,06556;41,301
"2021-04-22 02:25:20";14,08781;41,0635
"2021-04-22 02:26:20";14,0894;40,97484
"2021-04-22 02:27:20";13,95045;40,94447
"2021-04-22 02:28:20";13,94626;40,86372
"2021-04-22 02:29:20";13,92121;40,76971
"2021-04-22 02:30:20";13,93785;40,59773
"2021-04-22 02:31:20";13,88173;40,53128
"2021-04-22 02:32:20";13,80465;40,47726
"2021-04-22 02:33:20";13,88491;40,24755
"2021-04-22 02:34:20";13,87008;40,32095
"2021-04-22 02:35:20";13,86467;40,19278
"2021-04-22 02:36:20";13,84721;40,07811
"2021-04-22 02:37:20";13,84774;39,92694
"2021-04-22 02:38:20";13,77487;39,6978
"2021-04-22 02:39:20";13,75987;39,60124
"2021-04-22 02:40:20";13,78062;39,44275
"2021-04-22 02:41:20";13,68631;39,57465
"2021-04-22 02:42:20";13,60948;39,60144
"2021-04-22 02:43:20";13,60735;39,58545
"2021-04-22 02:44:20";13,61601;39,86108
"2021-04-22 02:45:20";13,59436;39,94104
"2021-04-22 02:46:20";13,60926;40,18843
"2021-04-22 02:47:20";13,54894;40,48867
"2021-04-22 02:48:20";13,56196;40,74203
"2021-04-22 02:49:20";13,55098;41,09192
"2021-04-22 02:50:20";13,57014;41,23146
"2021-04-22 02:51:20";13,55298;41,47594
"2021-04-22 02:52:20";13,55219;41,57095
"2021-04-22 02:53:20";13,47681;42,01094
"2021-04-22 02:54:20";13,47419;42,08737
"2021-04-22 02:55:20";13,39034;42,15332
"2021-04-22 02:56:20";13,45108;42,05425
"2021-04-22 02:57:20";13,45484;42,05774
"2021-04-22 02:58:20";13,37828;42,16728
"2021-04-22 02:59:20";13,35414;42,4678
"2021-04-22 03:00:19";13,41324;42,5433
"2021-04-22 03:01:19";13,34469;42,55235
"2021-04-22 03:02:19";13,33168;42,71553
"2021-04-22 03:03:19";13,32421;42,83304
"2021-04-22 03:04:19";13,27603;43,18277
"2021-04-22 03:05:19";13,25941;43,17067
"2021-04-22 03:06:19";13,31127;42,97252
"2021-04-22 03:07:19";13,29141;43,09249
"2021-04-22 03:08:19";13,22248;43,22001
"2021-04-22 03:09:19";13,26039;43,13582
"2021-04-22 03:10:19";13,19251;43,26654
"2021-04-22 03:11:19";13,22288;43,10424
"2021-04-22 03:12:19";13,2501;42,88205
"2021-04-22 03:13:19";13,21702;42,87676
"2021-04-22 03:14:19";13,21342;42,65571
"2021-04-22 03:15:19";13,15407;42,76802
"2021-04-22 03:16:19";13,19037;42,59194
"2021-04-22 03:17:19";13,14404;42,69565
"2021-04-22 03:18:19";13,16747;42,4413
"2021-04-22 03:19:19";13,21771;42,4877
"2021-04-22 03:20:19";13,19507;42,38625
"2021-04-22 03:21:19";13,21455;42,13434
"2021-04-22 03:22:19";13,17121;42,17007
"2021-04-22 03:23:19";13,18415;41,90861
"2021-04-22 03:24:19";13,19932;41,91296
"2021-04-22 03:25:19";13,1407;41,80901
"2021-04-22 03:26:19";13,14009;41,69903
"2021-04-22 03:27:19";13,02156;41,78695
"2021-04-22 03:28:19";13,02772;41,63148
"2021-04-22 03:29:19";13,02003;41,67581
"2021-04-22 03:30:19";13,02626;41,59293
"2021-04-22 03:31:19";12,98927;41,47772
"2021-04-22 03:32:19";12,90424;41,54137
"2021-04-22 03:33:19";12,96368;41,54589
"2021-04-22 03:34:19";12,8799;41,7084
"2021-04-22 03:35:19";12,88457;41,48173
"2021-04-22 03:36:19";12,83666;41,63633
"2021-04-22 03:37:19";12,85555;41,41017
"2021-04-22 03:38:19";12,80586;41,41132
"2021-04-22 03:39:19";12,81124;41,34936
"2021-04-22 03:40:19";12,77254;41,27221
"2021-04-22 03:41:19";12,71712;41,32944
"2021-04-22 03:42:19";12,70229;41,23087
"2021-04-22 03:43:19";12,62646;41,19085
"2021-04-22 03:44:19";12,63859;41,18815
"2021-04-22 03:45:19";12,59911;41,21793
"2021-04-22 03:46:19";12,53528;41,14881
"2021-04-22 03:47:19";12,56666;41,13282
"2021-04-22 03:48:19";12,57463;41,10765
"2021-04-22 03:49:19";12,51719;41,04906
"2021-04-22 03:50:19";12,52334;41,02266
"2021-04-22 03:51:19";12,57877;40,98572
"2021-04-22 03:52:19";12,48104;41,11927
"2021-04-22 03:53:19";12,41981;41,14597
"2021-04-22 03:54:19";12,38529;41,38477
"2021-04-22 03:55:19";12,29872;41,64626
"2021-04-22 03:56:19";12,31445;41,83979
"2021-04-22 03:57:19";12,2514;42,08678
"2021-04-22 03:58:19";12,24708;42,22163
"2021-04-22 03:59:19";12,23407;42,2583
"2021-04-22 04:00:19";12,21109;42,32801
"2021-04-22 04:01:19";12,23513;42,48493
"2021-04-22 04:02:19";12,22186;42,56849
"2021-04-22 04:03:19";12,31789;42,38853
"2021-04-22 04:04:19";12,24851;42,55582
"2021-04-22 04:05:19";12,33108;42,34853
"2021-04-22 04:06:19";12,2709;42,28856
"2021-04-22 04:07:19";12,28088;42,19477
"2021-04-22 04:08:19";12,2255;42,26628
"2021-04-22 04:09:19";12,21419;42,03857
"2021-04-22 04:10:19";12,15721;42,07538
"2021-04-22 04:11:19";12,15315;41,95367
"2021-04-22 04:12:19";12,17443;41,78506
"2021-04-22 04:13:19";12,13856;41,77164
"2021-04-22 04:14:19";12,18393;41,53686
"2021-04-22 04:15:19";12,19399;41,5947
"2021-04-22 04:16:19";12,15487;41,61467
"2021-04-22 04:17:19";12,1371;41,41441
"2021-04-22 04:18:19";12,18073;41,3363
"2021-04-22 04:19:19";12,14168;41,28964
"2021-04-22 04:20:19";12,09111;41,23146
"2021-04-22 04:21:19";12,10075;41,1054
"2021-04-22 04:22:19";12,10369;40,99827
"2021-04-22 04:23:19";12,0767;40,90995
"2021-04-22 04:24:19";12,09498;40,83282
"2021-04-22 04:25:19";12,07714;40,70858
"2021-04-22 04:26:19";12,07524;40,67723
"2021-04-22 04:27:19";12,06714;40,49626
"2021-04-22 04:28:19";12,08503;40,47262
"2021-04-22 04:29:19";12,04318;40,39974
"2021-04-22 04:30:19";12,02105;40,39586
"2021-04-22 04:31:19";12,02789;40,3372
"2021-04-22 04:32:19";12,00796;40,25251
"2021-04-22 04:33:19";12,06263;40,16574
"2021-04-22 04:34:19";12,04951;40,06657
"2021-04-22 04:35:19";12,02997;39,98427
"2021-04-22 04:36:19";12,01136;39,97416
"2021-04-22 04:37:19";11,98896;39,84576
"2021-04-22 04:38:19";11,94979;39,82418
"2021-04-22 04:39:19";11,94151;39,80326
"2021-04-22 04:40:19";11,93249;39,78402
"2021-04-22 04:41:19";11,89587;39,78769
"2021-04-22 04:42:19";11,8093;39,80131
"2021-04-22 04:43:19";11,82436;39,80131
"2021-04-22 04:44:19";11,84907;39,74386
"2021-04-22 04:45:19";11,78245;39,67906
"2021-04-22 04:46:19";11,75595;39,6099
"2021-04-22 04:47:19";11,79433;39,60088
"2021-04-22 04:48:19";11,8364;39,50555
"2021-04-22 04:49:19";11,82686;39,46196
"2021-04-22 04:50:19";11,85159;39,43413
"2021-04-22 04:51:19";11,84885;39,41464
"2021-04-22 04:52:19";11,85232;39,29561
"2021-04-22 04:53:19";11,81751;39,26862
"2021-04-22 04:54:19";11,72784;39,29115
"2021-04-22 04:55:19";11,71773;39,229
"2021-04-22 04:56:19";11,74064;39,14257
"2021-04-22 04:57:19";11,72698;39,0547
"2021-04-22 04:58:19";11,74273;38,99863
"2021-04-22 04:59:19";11,76256;38,8483
"2021-04-22 05:00:18";11,77753;38,74329
"2021-04-22 05:01:18";11,74069;38,6486
"2021-04-22 05:02:18";11,66983;38,73216
"2021-04-22 05:03:18";11,75722;39,11275
"2021-04-22 05:04:18";11,83055;39,4763
"2021-04-22 05:05:18";11,86103;39,70186
"2021-04-22 05:06:18";11,86864;39,86264
"2021-04-22 05:07:18";11,8827;39,90319
"2021-04-22 05:08:18";11,88081;39,9065
"2021-04-22 05:09:18";11,9116;39,87164
"2021-04-22 05:10:18";11,95382;39,83378
"2021-04-22 05:11:18";11,93826;39,80784
"2021-04-22 05:12:18";11,95671;39,78162
"2021-04-22 05:13:18";12,05727;39,73339
"2021-04-22 05:14:18";11,97899;39,67969
"2021-04-22 05:15:18";11,99241;39,63963
"2021-04-22 05:16:18";12,00228;39,54032
"2021-04-22 05:17:18";12,02165;39,4982
"2021-04-22 05:18:18";12,07199;39,46248
"2021-04-22 05:19:18";12,06521;39,41322
"2021-04-22 05:20:18";12,09438;39,35653
"2021-04-22 05:21:18";12,11726;39,31621
"2021-04-22 05:22:18";12,02862;39,25666
"2021-04-22 05:23:18";12,04241;39,21622
"2021-04-22 05:24:18";12,12959;39,19394
"2021-04-22 05:25:18";12,05899;39,13562
"2021-04-22 05:26:18";12,1069;39,09057
"2021-04-22 05:27:18";12,12642;39,04073
"2021-04-22 05:28:18";12,10767;39,02552
"2021-04-22 05:29:18";12,09154;38,99558
"2021-04-22 05:30:18";12,15011;38,94645
"2021-04-22 05:31:18";12,17216;38,87594
"2021-04-22 05:32:18";12,19334;38,8429
"2021-04-22 05:33:18";12,1571;38,79349
"2021-04-22 05:34:18";12,19642;38,79152
"2021-04-22 05:35:18";12,17362;38,7478
"2021-04-22 05:36:18";12,17692;38,72441
"2021-04-22 05:37:18";12,12672;38,69526
"2021-04-22 05:38:18";12,13164;38,65878
"2021-04-22 05:39:18";12,09247;38,62288
"2021-04-22 05:40:18";11,95202;38,76012
"2021-04-22 05:41:18";0;0
"2021-04-22 05:42:18";0;0
"2021-04-22 05:43:18";0;0
"2021-04-22 05:44:18";0;0
"2021-04-22 05:45:18";0;0
"2021-04-22 05:46:18";0;0
"2021-04-22 05:47:18";0;0
"2021-04-22 05:48:18";0;0
"2021-04-22 05:49:18";0;0
"2021-04-22 05:50:18";0;0
"2021-04-22 05:51:18";0;0
"2021-04-22 05:52:18";0;0
"2021-04-22 05:53:18";0;0
"2021-04-22 05:54:18";0;0
"2021-04-22 05:55:18";0;0
"2021-04-22 05:56:18";0;0
"2021-04-22 05:57:18";0;0
"2021-04-22 05:58:18";0;0
"2021-04-22 05:59:18";0;0
"2021-04-22 06:00:18";0;0
"2021-04-22 06:01:18";0;0
"2021-04-22 06:02:18";0;0
"2021-04-22 06:03:18";0;0
"2021-04-22 06:04:18";0;0
"2021-04-22 06:05:18";0;0
"2021-04-22 06:06:18";0;0
"2021-04-22 06:07:18";0;0
"2021-04-22 06:08:18";0;0
"2021-04-22 06:09:18";0;0
"2021-04-22 06:10:18";0;0
"2021-04-22 06:11:18";0;0
"2021-04-22 06:12:18";0;0
"2021-04-22 06:13:18";0;0
"2021-04-22 06:14:18";0;0
"2021-04-22 06:15:18";0;0
"2021-04-22 06:16:18";0;0
"2021-04-22 06:17:18";0;0
"2021-04-22 06:18:18";0;0
"2021-04-22 06:19:18";0;0
"2021-04-22 06:20:18";0;0
"2021-04-22 06:21:18";0;0
"2021-04-22 06:22:18";0;0
"2021-04-22 06:23:18";0;0
"2021-04-22 06:24:18";0;0
"2021-04-22 06:25:18";0;0
"2021-04-22 06:26:18";0;0
"2021-04-22 06:27:18";0;0
"2021-04-22 06:28:18";0;0
"2021-04-22 06:29:18";0;0
"2021-04-22 06:30:18";0;0
"2021-04-22 06:31:18";0;0
"2021-04-22 06:32:18";0;0
"2021-04-22 06:33:18";0;0
"2021-04-22 06:34:18";0;0
"2021-04-22 06:35:18";0;0
"2021-04-22 06:36:18";0;0
"2021-04-22 06:37:18";0;0
"2021-04-22 06:38:18";0;0
"2021-04-22 06:39:18";0;0
"2021-04-22 06:40:18";0;0
"2021-04-22 06:41:18";0;0
"2021-04-22 06:42:18";0;0
"2021-04-22 06:43:18";0;0
"2021-04-22 06:44:18";0;0
"2021-04-22 06:45:18";0;0
"2021-04-22 06:46:18";0;0
"2021-04-22 06:47:18";0;0
"2021-04-22 06:48:18";0;0
"2021-04-22 06:49:18";0;0
"2021-04-22 06:50:18";0;0
"2021-04-22 06:51:18";0;0
"2021-04-22 06:52:18";0;0
"2021-04-22 06:53:18";0;0
"2021-04-22 06:54:18";0;0
"2021-04-22 06:55:18";0;0
"2021-04-22 06:56:18";0;0
"2021-04-22 06:57:18";0;0
"2021-04-22 06:58:18";0;0
"2021-04-22 06:59:18";0;0
"2021-04-22 07:00:17";0;0
"2021-04-22 07:01:17";0;0
"2021-04-22 07:02:17";0;0
"2021-04-22 07:03:17";0;0
"2021-04-22 07:04:17";0;0
"2021-04-22 07:05:18";0;0
"2021-04-22 07:06:18";0;0
"2021-04-22 07:07:18";0;0
"2021-04-22 07:08:18";0;0
"2021-04-22 07:09:18";0;0
"2021-04-22 07:10:18";0;0
"2021-04-22 07:11:18";0;0
"2021-04-22 07:12:18";0;0
"2021-04-22 07:13:18";0;0
"2021-04-22 07:14:18";0;0
"2021-04-22 07:15:18";0;0
"2021-04-22 07:16:18";0;0
"2021-04-22 07:17:18";0;0
"2021-04-22 07:18:17";0;0
"2021-04-22 07:19:17";0;0
"2021-04-22 07:20:17";0;0
"2021-04-22 07:21:17";0;0
"2021-04-22 07:22:17";0;0
"2021-04-22 07:23:17";0;0
"2021-04-22 07:24:17";0;0
"2021-04-22 07:25:17";0;0
"2021-04-22 07:26:18";0;0
"2021-04-22 07:27:18";0;0
"2021-04-22 07:28:18";0;0
"2021-04-22 07:29:18";0;0
"2021-04-22 07:30:18";0;0
"2021-04-22 07:31:18";0;0
"2021-04-22 07:32:18";0;0
"2021-04-22 07:33:18";0;0
"2021-04-22 07:34:18";0;0
"2021-04-22 07:35:18";0;0
"2021-04-22 07:36:18";0;0
"2021-04-22 07:37:18";0;0
"2021-04-22 07:38:18";0;0
"2021-04-22 07:39:18";0;0
"2021-04-22 07:40:17";0;0
"2021-04-22 07:41:17";0;0
"2021-04-22 07:42:18";0;0
"2021-04-22 07:43:18";0;0
"2021-04-22 07:44:18";0;0
"2021-04-22 07:45:18";0;0
"2021-04-22 07:46:18";0;0
"2021-04-22 07:47:18";0;0
"2021-04-22 07:48:18";0;0
"2021-04-22 07:49:17";0;0
"2021-04-22 07:50:17";0;0
"2021-04-22 07:51:17";0;0
"2021-04-22 07:52:17";0;0
"2021-04-22 07:53:17";0;0
"2021-04-22 07:54:17";0;0
"2021-04-22 07:55:17";0;0
"2021-04-22 07:56:17";0;0
"2021-04-22 07:57:17";0;0
"2021-04-22 07:58:18";0;0
"2021-04-22 07:59:18";0;0
"2021-04-22 08:00:17";0;0
"2021-04-22 08:01:17";0;0
"2021-04-22 08:02:17";0;0
"2021-04-22 08:03:17";0;0
"2021-04-22 08:04:17";0;0
"2021-04-22 08:05:17";0;0
"2021-04-22 08:06:17";0;0
"2021-04-22 08:07:17";0;0
"2021-04-22 08:08:17";0;0
"2021-04-22 08:09:17";0;0
"2021-04-22 08:10:17";0;0
"2021-04-22 08:11:17";0;0
"2021-04-22 08:12:17";0;0
"2021-04-22 08:13:17";0;0
"2021-04-22 08:14:17";0;0
"2021-04-22 08:15:17";0;0
"2021-04-22 08:16:17";15,11592;22,99225
"2021-04-22 08:17:17";15,50196;23,68935
"2021-04-22 08:18:17";15,4901;23,91927
"2021-04-22 08:19:17";15,616;24,44984
"2021-04-22 08:20:17";15,648;27,80812
"2021-04-22 08:21:17";15,74787;30,86783
"2021-04-22 08:22:17";15,76888;32,41937
"2021-04-22 08:23:17";15,83495;32,26468
"2021-04-22 08:24:17";15,84312;32,55221
"2021-04-22 08:25:17";15,89227;32,82356
"2021-04-22 08:26:17";15,88745;33,20907
"2021-04-22 08:27:17";15,83241;33,3355
"2021-04-22 08:28:17";15,89387;33,18552
"2021-04-22 08:29:17";15,90795;32,37067
"2021-04-22 08:30:17";15,9964;31,97303
"2021-04-22 08:31:17";16,11684;32,59921
"2021-04-22 08:32:17";16,18527;32,52879
"2021-04-22 08:33:17";16,2964;32,63133
"2021-04-22 08:34:17";16,39005;33,36897
"2021-04-22 08:35:17";16,45233;32,86565
"2021-04-22 08:36:17";16,51776;32,52718
"2021-04-22 08:37:17";16,60331;32,84961
"2021-04-22 08:38:17";16,7503;33,04422
"2021-04-22 08:39:17";16,74066;33,24325
"2021-04-22 08:40:17";16,76838;33,64185
"2021-04-22 08:41:17";16,84051;33,85933
"2021-04-22 08:42:17";16,81016;34,44971
"2021-04-22 08:43:17";16,88683;34,55737
"2021-04-22 08:44:17";16,88722;35,08237
"2021-04-22 08:45:17";16,93915;35,21422
"2021-04-22 08:46:17";16,93365;35,44133
"2021-04-22 08:47:17";16,8761;35,49844
"2021-04-22 08:48:17";16,96927;35,45793
"2021-04-22 08:49:17";16,77509;35,64423
"2021-04-22 08:50:17";16,68553;35,85285
"2021-04-22 08:51:17";16,74421;35,35979
"2021-04-22 08:52:17";16,66084;35,43557
"2021-04-22 08:53:17";16,56762;35,48729
"2021-04-22 08:54:17";16,60112;35,18726
"2021-04-22 08:55:17";16,61634;34,97603
"2021-04-22 08:56:17";16,69043;34,71585
"2021-04-22 08:57:17";16,67528;34,79131
"2021-04-22 08:58:17";16,6979;34,53133
"2021-04-22 08:59:17";16,70941;34,49129
"2021-04-22 09:00:16";16,73603;34,32728
"2021-04-22 09:01:16";16,79899;34,7306
"2021-04-22 09:02:16";16,89985;34,94938
"2021-04-22 09:03:16";16,85265;35,05859
"2021-04-22 09:04:16";16,73097;35,27015
"2021-04-22 09:05:16";16,59232;35,73172
"2021-04-22 09:06:16";16,55374;36,20642
"2021-04-22 09:07:16";16,48795;36,85416
"2021-04-22 09:08:16";16,46395;37,51483
"2021-04-22 09:09:16";16,44034;37,87651
"2021-04-22 09:10:16";16,47526;37,88508
"2021-04-22 09:11:16";16,43016;38,12732
"2021-04-22 09:12:16";16,37793;38,26334
"2021-04-22 09:13:16";16,39558;38,32107
"2021-04-22 09:14:16";16,42201;38,11283
"2021-04-22 09:15:16";16,41191;38,34417
"2021-04-22 09:16:16";16,40961;38,09994
"2021-04-22 09:17:16";16,44021;37,883
"2021-04-22 09:18:16";16,43441;38,19248
"2021-04-22 09:19:16";16,55098;37,91918
"2021-04-22 09:20:16";16,58581;37,91225
"2021-04-22 09:21:16";16,64959;37,92879
"2021-04-22 09:22:16";16,65904;38,15984
"2021-04-22 09:23:16";16,65588;38,29324
"2021-04-22 09:24:16";16,68646;38,33689
"2021-04-22 09:25:16";16,772;38,33402
"2021-04-22 09:26:16";16,72163;38,11784
"2021-04-22 09:27:16";16,69618;38,05754
"2021-04-22 09:28:16";16,64629;38,13969
"2021-04-22 09:29:16";16,65298;38,26445
"2021-04-22 09:30:16";16,61469;38,19934
"2021-04-22 09:31:16";16,60452;38,02173
"2021-04-22 09:32:16";16,48991;38,27965
"2021-04-22 09:33:16";16,45061;38,83435
"2021-04-22 09:34:16";16,47655;38,98148
"2021-04-22 09:35:16";16,46216;39,21568
"2021-04-22 09:36:16";16,46791;39,28461
"2021-04-22 09:37:16";16,53795;39,19261
"2021-04-22 09:38:16";16,43736;39,45025
"2021-04-22 09:39:16";16,38914;39,31934
"2021-04-22 09:40:16";16,41892;39,22578
"2021-04-22 09:41:16";16,40057;39,35741
"2021-04-22 09:42:16";16,35515;39,27439
"2021-04-22 09:43:16";16,34995;39,33479
"2021-04-22 09:44:16";16,28844;39,93334
"2021-04-22 09:45:16";16,28715;40,03082
"2021-04-22 09:46:16";16,24759;40,06878
"2021-04-22 09:47:16";16,22076;40,36551
"2021-04-22 09:48:16";16,20295;40,59231
"2021-04-22 09:49:16";16,24188;40,61974
"2021-04-22 09:50:16";16,19995;40,77364
"2021-04-22 09:51:16";16,24545;40,93529
"2021-04-22 09:52:16";16,2772;40,98312
"2021-04-22 09:53:16";16,27001;41,35248
"2021-04-22 09:54:16";16,2635;41,41617
"2021-04-22 09:55:16";16,2554;41,28994
"2021-04-22 09:56:16";16,22844;41,33072
"2021-04-22 09:57:16";16,21407;41,33037
"2021-04-22 09:58:16";16,22082;41,43245
"2021-04-22 09:59:16";16,18961;41,79629
"2021-04-22 10:00:16";16,20967;41,55351
"2021-04-22 10:01:16";16,21366;41,39734
"2021-04-22 10:02:16";16,19907;41,3394
"2021-04-22 10:03:16";16,24838;40,89796
"2021-04-22 10:04:16";16,24015;40,7693
"2021-04-22 10:05:16";16,17839;40,7712
"2021-04-22 10:06:16";16,21589;40,44306
"2021-04-22 10:07:16";16,23025;40,28346
"2021-04-22 10:08:16";16,15052;40,42573
"2021-04-22 10:09:16";16,16591;39,97585
"2021-04-22 10:10:16";16,13167;40,0359
"2021-04-22 10:11:16";16,09185;39,82023
"2021-04-22 10:12:16";16,06901;39,84487
"2021-04-22 10:13:16";16,04006;40,18053
"2021-04-22 10:14:16";16,03215;40,31982
"2021-04-22 10:15:16";16,04893;40,7445
"2021-04-22 10:16:16";16,03951;41,63046
"2021-04-22 10:17:16";16,02173;41,98641
"2021-04-22 10:18:16";16,03111;42,35948
"2021-04-22 10:19:16";16,0193;42,38256
"2021-04-22 10:20:16";15,99381;42,54314
"2021-04-22 10:21:16";15,99144;42,67305
"2021-04-22 10:22:16";15,98246;42,81738
"2021-04-22 10:23:16";15,96424;42,6222
"2021-04-22 10:24:16";15,92553;42,63651
"2021-04-22 10:25:16";15,91216;42,69739
"2021-04-22 10:26:16";15,91372;42,87679
"2021-04-22 10:27:16";15,87692;42,78707
"2021-04-22 10:28:16";15,8307;43,0703
"2021-04-22 10:29:16";15,81191;43,05637
"2021-04-22 10:30:16";15,757;43,1418
"2021-04-22 10:31:16";15,78311;43,31438
"2021-04-22 10:32:16";15,77579;43,26992
"2021-04-22 10:33:16";15,74377;43,45266
"2021-04-22 10:34:16";15,68433;43,48461
"2021-04-22 10:35:16";15,65916;43,52068
"2021-04-22 10:36:16";15,66598;43,29022
"2021-04-22 10:37:16";15,65358;43,32907
"2021-04-22 10:38:16";15,65785;43,24822
"2021-04-22 10:39:16";15,68533;43,1889
"2021-04-22 10:40:16";15,63971;43,10938
"2021-04-22 10:41:16";15,60653;42,96597
"2021-04-22 10:42:16";15,62296;42,82424
"2021-04-22 10:43:16";15,57299;42,70403
"2021-04-22 10:44:16";15,5752;42,39731
"2021-04-22 10:45:16";15,54076;42,30103
"2021-04-22 10:46:16";15,53846;42,26817
"2021-04-22 10:47:16";15,49002;41,99148
"2021-04-22 10:48:16";15,51628;41,80067
"2021-04-22 10:49:16";15,48318;41,41325
"2021-04-22 10:50:16";15,50462;41,3872
"2021-04-22 10:51:16";15,53195;41,181
"2021-04-22 10:52:16";15,51733;40,8211
"2021-04-22 10:53:16";15,52617;40,70953
"2021-04-22 10:54:16";15,5313;40,46744
"2021-04-22 10:55:16";15,52743;40,24661
"2021-04-22 10:56:16";15,43882;40,35412
"2021-04-22 10:57:16";15,45394;40,28863
"2021-04-22 10:58:16";15,43947;40,31377
"2021-04-22 10:59:16";15,40215;40,26183
"2021-04-22 11:00:15";15,39218;40,27592
"2021-04-22 11:01:15";15,38219;40,38252
"2021-04-22 11:02:15";15,33965;40,86086
"2021-04-22 11:03:15";15,34015;41,80574
"2021-04-22 11:04:15";15,32474;42,4806
"2021-04-22 11:05:15";15,30137;43,63248
"2021-04-22 11:06:15";15,34832;43,80015
"2021-04-22 11:07:15";15,34142;43,63034
"2021-04-22 11:08:15";15,3416;43,95482
"2021-04-22 11:09:15";15,35044;43,78854
"2021-04-22 11:10:15";15,34258;44,43201
"2021-04-22 11:11:15";15,35449;44,43559
"2021-04-22 11:12:15";15,2764;44,60374
"2021-04-22 11:13:15";15,28731;44,83995
"2021-04-22 11:14:15";15,29005;44,42108
"2021-04-22 11:15:15";15,24109;44,0488
"2021-04-22 11:16:15";15,19229;44,28156
"2021-04-22 11:17:15";15,15716;44,65576
"2021-04-22 11:18:15";15,17552;44,57227
"2021-04-22 11:19:15";15,1482;44,40001
"2021-04-22 11:20:15";15,12397;44,45941
"2021-04-22 11:21:15";15,09934;44,5556
"2021-04-22 11:22:15";15,14165;44,37212
"2021-04-22 11:23:15";15,11949;44,49525
"2021-04-22 11:24:15";15,13759;44,34814
"2021-04-22 11:25:15";15,1744;44,36856
"2021-04-22 11:26:15";15,102;44,68774
"2021-04-22 11:27:15";15,13712;44,25739
"2021-04-22 11:28:15";15,06994;44,44979
"2021-04-22 11:29:15";15,06931;44,4598
"2021-04-22 11:30:15";15,02876;44,45357
"2021-04-22 11:31:15";15,03806;44,53193
"2021-04-22 11:32:15";15,02117;44,18776
"2021-04-22 11:33:15";14,97501;44,4453
"2021-04-22 11:34:15";14,99752;43,98978
"2021-04-22 11:35:15";15,01681;43,85561
"2021-04-22 11:36:15";14,93293;43,97086
"2021-04-22 11:37:15";14,98739;43,5947
"2021-04-22 11:38:15";14,95336;43,55381
"2021-04-22 11:39:15";14,96086;43,72421
"2021-04-22 11:40:15";14,9776;43,32874
"2021-04-22 11:41:15";14,98059;43,42866
"2021-04-22 11:42:15";14,94799;43,51363
"2021-04-22 11:43:15";14,89381;43,39976
"2021-04-22 11:44:15";14,91956;43,89839
"2021-04-22 11:45:15";14,92842;43,91968
"2021-04-22 11:46:15";14,88992;44,09971
"2021-04-22 11:47:15";14,84015;44,50092
"2021-04-22 11:48:15";14,82952;44,6545
"2021-04-22 11:49:15";14,84882;44,36056
"2021-04-22 11:50:15";14,80008;44,61064
"2021-04-22 11:51:15";14,75515;44,91828
"2021-04-22 11:52:15";14,74949;44,87755
"2021-04-22 11:53:15";14,77123;44,64374
"2021-04-22 11:54:15";14,71608;45,25166
"2021-04-22 11:55:15";14,70436;45,23727
"2021-04-22 11:56:15";14,71861;45,45882
"2021-04-22 11:57:15";14,72331;45,20166
"2021-04-22 11:58:15";14,70947;44,94817
"2021-04-22 11:59:15";14,68525;45,1326
"2021-04-22 12:00:15";14,6583;45,04559
"2021-04-22 12:01:15";14,6574;45,15003
"2021-04-22 12:02:15";14,60815;45,47472
"2021-04-22 12:03:14";14,63107;45,36998
"2021-04-22 12:04:14";14,59473;45,50228
"2021-04-22 12:05:14";14,55101;45,51476
"2021-04-22 12:06:14";14,54807;45,84795
"2021-04-22 12:07:14";14,56786;46,02871
"2021-04-22 12:08:14";14,57161;46,10214
"2021-04-22 12:09:14";14,54054;46,17542
"2021-04-22 12:10:14";14,54482;46,05603
"2021-04-22 12:11:14";14,53706;46,21666
"2021-04-22 12:12:15";14,5602;46,10445
"2021-04-22 12:13:15";14,55511;45,92979
"2021-04-22 12:14:15";14,55508;46,22191
"2021-04-22 12:15:15";14,5037;45,9267
"2021-04-22 12:16:15";14,516;45,86735
"2021-04-22 12:17:15";14,4778;45,66343
"2021-04-22 12:18:15";14,51017;45,32192
"2021-04-22 12:19:15";14,44642;45,80374
"2021-04-22 12:20:15";14,4408;45,88794
"2021-04-22 12:21:15";14,45982;45,13515
"2021-04-22 12:22:15";14,46123;45,36664
"2021-04-22 12:23:15";14,43323;45,24866
"2021-04-22 12:24:15";14,43854;45,12174
"2021-04-22 12:25:15";14,45868;44,92771
"2021-04-22 12:26:14";14,44963;44,89987
"2021-04-22 12:27:14";14,45811;44,84244
"2021-04-22 12:28:14";14,43165;44,93346
"2021-04-22 12:29:14";14,44584;44,83104
"2021-04-22 12:30:14";14,42055;44,5227
"2021-04-22 12:31:14";14,3823;44,60855
"2021-04-22 12:32:14";14,32757;44,82446
"2021-04-22 12:33:14";14,28611;44,76788
"2021-04-22 12:34:15";14,29307;44,73485
"2021-04-22 12:35:15";14,22683;45,05928
"2021-04-22 12:36:15";14,2325;44,66582
"2021-04-22 12:37:15";14,21455;44,68793
"2021-04-22 12:38:15";14,20486;44,46751
"2021-04-22 12:39:15";14,1929;44,56394
"2021-04-22 12:40:15";14,19725;44,61777
"2021-04-22 12:41:15";14,23664;44,65105
"2021-04-22 12:42:15";14,18631;44,95192
"2021-04-22 12:43:15";14,16264;45,12547
"2021-04-22 12:44:15";14,16267;45,42962
"2021-04-22 12:45:15";14,15682;45,6468
"2021-04-22 12:46:15";14,12449;45,7592
"2021-04-22 12:47:14";14,05886;45,90973
"2021-04-22 12:48:14";14,11091;45,46923
"2021-04-22 12:49:14";14,07139;45,55942
"2021-04-22 12:50:14";14,08256;45,58406
"2021-04-22 12:51:14";14,03724;45,52105
"2021-04-22 12:52:14";14,02581;45,9535
"2021-04-22 12:53:14";13,99712;45,82383
"2021-04-22 12:54:14";13,97526;46,00541
"2021-04-22 12:55:15";14,00474;45,72037
"2021-04-22 12:56:15";13,97291;45,98582
"2021-04-22 12:57:15";13,95618;45,95685
"2021-04-22 12:58:15";13,99938;45,64815
"2021-04-22 12:59:15";14,00277;45,80411
"2021-04-22 13:00:14";13,97741;45,85857
"2021-04-22 13:01:14";13,9638;45,79856
"2021-04-22 13:02:14";13,97855;45,7692
"2021-04-22 13:03:14";13,95652;45,91092
"2021-04-22 13:04:14";13,90957;45,97168
"2021-04-22 13:05:14";13,92728;45,86414
"2021-04-22 13:06:14";13,91008;45,63928
"2021-04-22 13:07:14";13,88143;45,88336
"2021-04-22 13:08:14";13,86068;46,05134
"2021-04-22 13:09:14";13,84448;45,77439
"2021-04-22 13:10:14";13,89441;45,5489
"2021-04-22 13:11:14";13,86234;45,65789
"2021-04-22 13:12:14";13,87131;45,17281
"2021-04-22 13:13:14";13,86512;45,27137
"2021-04-22 13:14:14";13,89675;45,00923
"2021-04-22 13:15:14";13,87154;44,89333
"2021-04-22 13:16:14";13,86565;44,74302
"2021-04-22 13:17:14";13,82354;44,90211
"2021-04-22 13:18:14";13,84931;44,77972
"2021-04-22 13:19:14";13,81774;44,82461
"2021-04-22 13:20:14";13,79413;44,74903
"2021-04-22 13:21:14";13,77051;44,54243
"2021-04-22 13:22:14";13,77393;44,63124
"2021-04-22 13:23:14";13,75755;44,23246
"2021-04-22 13:24:14";13,70367;44,7546
"2021-04-22 13:25:14";13,7329;44,3261
"2021-04-22 13:26:14";13,68329;44,58769
"2021-04-22 13:27:14";13,67984;44,67478
"2021-04-22 13:28:14";13,65995;44,66804
"2021-04-22 13:29:14";13,66059;44,66885
"2021-04-22 13:30:14";13,66192;44,80898
"2021-04-22 13:31:14";13,63066;44,80786
"2021-04-22 13:32:14";13,64598;44,73085
"2021-04-22 13:33:14";13,63768;44,82364
"2021-04-22 13:34:14";13,61091;44,81493
"2021-04-22 13:35:14";13,64227;44,96933
"2021-04-22 13:36:14";13,56814;45,19286
"2021-04-22 13:37:14";13,56174;45,44304
"2021-04-22 13:38:14";13,55079;45,37169
"2021-04-22 13:39:14";13,55728;45,43791
"2021-04-22 13:40:14";13,5253;45,67459
"2021-04-22 13:41:14";13,50412;45,61526
"2021-04-22 13:42:14";13,54125;45,39989
"2021-04-22 13:43:14";13,53171;45,55964
"2021-04-22 13:44:14";13,5463;45,55524
"2021-04-22 13:45:14";13,5227;45,6497
"2021-04-22 13:46:14";13,51159;45,59991
"2021-04-22 13:47:14";13,52731;45,54101
"2021-04-22 13:48:14";13,53086;45,581
"2021-04-22 13:49:14";13,48443;45,85976
"2021-04-22 13:50:14";13,42785;45,96786
"2021-04-22 13:51:14";13,49085;45,26584
"2021-04-22 13:52:14";13,47142;45,32841
"2021-04-22 13:53:14";13,42469;45,5069
"2021-04-22 13:54:14";13,42894;45,40981
"2021-04-22 13:55:14";13,41842;45,32161
"2021-04-22 13:56:14";13,45704;45,0902
"2021-04-22 13:57:14";13,43059;45,07418
"2021-04-22 13:58:14";13,47238;45,15577
"2021-04-22 13:59:14";13,47835;44,74576
"2021-04-22 14:00:14";13,44799;44,56252
"2021-04-22 14:01:14";13,42737;44,91767
"2021-04-22 14:02:14";13,40623;44,87991
"2021-04-22 14:03:14";13,39719;44,81983
"2021-04-22 14:04:14";13,37052;44,89378
"2021-04-22 14:05:14";13,3767;44,66411
"2021-04-22 14:06:14";13,339;44,84795
"2021-04-22 14:07:14";13,36349;44,74159
"2021-04-22 14:08:14";13,31259;44,81065
"2021-04-22 14:09:14";13,32819;44,53263
"2021-04-22 14:10:14";13,31946;44,29742
"2021-04-22 14:11:14";13,32528;44,59329
"2021-04-22 14:12:14";13,319;44,30483
"2021-04-22 14:13:14";13,32781;44,19244
"2021-04-22 14:14:14";13,30537;44,06192
"2021-04-22 14:15:14";13,32322;43,77466
"2021-04-22 14:16:14";13,3146;44,03287
"2021-04-22 14:17:14";13,29045;44,00597
"2021-04-22 14:18:14";13,29307;43,81995
"2021-04-22 14:19:14";13,25748;43,94675
"2021-04-22 14:20:14";13,23417;44,09096
"2021-04-22 14:21:14";13,22066;43,96065
"2021-04-22 14:22:14";13,2038;43,93787
"2021-04-22 14:23:14";13,18605;44,00008
"2021-04-22 14:24:14";13,17977;43,98351
"2021-04-22 14:25:14";13,1909;43,69228
"2021-04-22 14:26:14";13,18611;43,90862
"2021-04-22 14:27:14";13,17175;43,91386
"2021-04-22 14:28:14";13,1666;44,04135
"2021-04-22 14:29:14";13,18229;44,05024
"2021-04-22 14:30:14";13,15677;44,14314
"2021-04-22 14:31:14";13,13234;44,25037
"2021-04-22 14:32:14";13,11351;44,54335
"2021-04-22 14:33:14";13,13311;44,31598
"2021-04-22 14:34:14";13,14515;44,19527
"2021-04-22 14:35:14";13,15969;44,02314
"2021-04-22 14:36:14";13,08762;43,97186
"2021-04-22 14:37:14";13,11752;43,78051
"2021-04-22 14:38:14";13,0968;43,90862
"2021-04-22 14:39:14";13,10342;43,9497
"2021-04-22 14:40:14";13,10223;43,97008
"2021-04-22 14:41:14";13,0996;44,04624
"2021-04-22 14:42:14";13,0791;44,2508
"2021-04-22 14:43:14";13,10295;44,43054
"2021-04-22 14:44:14";13,08219;44,43829
"2021-04-22 14:45:14";13,10952;44,56242
"2021-04-22 14:46:14";13,11712;44,52743
"2021-04-22 14:47:14";13,10182;44,3349
"2021-04-22 14:48:14";13,06511;44,42504
"2021-04-22 14:49:14";13,08946;44,33852
"2021-04-22 14:50:14";13,07191;44,22258
"2021-04-22 14:51:14";13,07821;44,15447
"2021-04-22 14:52:14";13,03063;44,21248
"2021-04-22 14:53:14";13,04316;44,13751
"2021-04-22 14:54:14";13,03379;44,10774
"2021-04-22 14:55:14";13,04795;43,93849
"2021-04-22 14:56:14";13,03203;43,97299
"2021-04-22 14:57:14";13,05501;44,06256
"2021-04-22 14:58:14";13,03303;44,33295
"2021-04-22 14:59:14";13,05564;44,3633
"2021-04-22 15:00:13";13,01647;44,48959
"2021-04-22 15:01:13";13,0365;44,33027
"2021-04-22 15:02:13";13,01402;44,35624
"2021-04-22 15:03:13";13,00313;44,40461
"2021-04-22 15:04:13";13,00424;44,15585
"2021-04-22 15:05:13";12,98326;44,36026
"2021-04-22 15:06:13";12,97177;44,40919
"2021-04-22 15:07:13";12,95035;44,2511
"2021-04-22 15:08:13";12,9425;44,18884
"2021-04-22 15:09:13";12,94439;44,25107
"2021-04-22 15:10:13";12,97039;43,86194
"2021-04-22 15:11:13";12,98641;43,60507
"2021-04-22 15:12:13";12,9654;43,29675
"2021-04-22 15:13:13";12,98896;43,05821
"2021-04-22 15:14:13";12,9849;42,86496
"2021-04-22 15:15:13";13,01787;42,79114
"2021-04-22 15:16:13";12,9835;42,63715
"2021-04-22 15:17:13";12,91163;42,5688
"2021-04-22 15:18:13";12,94151;42,87701
"2021-04-22 15:19:13";12,96051;43,21392
"2021-04-22 15:20:13";13,02602;43,3886
"2021-04-22 15:21:13";13,01683;43,55594
"2021-04-22 15:22:13";13,04837;43,59466
"2021-04-22 15:23:13";13,03346;43,62291
"2021-04-22 15:24:13";13,06575;43,63977
"2021-04-22 15:25:13";13,0685;43,69461
"2021-04-22 15:26:13";13,0788;43,72871
"2021-04-22 15:27:13";13,09931;43,69958
"2021-04-22 15:28:13";13,11721;43,6903
"2021-04-22 15:29:13";13,12007;43,62955
"2021-04-22 15:30:13";13,13719;43,61819
"2021-04-22 15:31:13";13,13478;43,60683
"2021-04-22 15:32:13";13,13762;43,62485
"2021-04-22 15:33:13";13,16473;43,64283
"2021-04-22 15:34:13";13,16188;43,65752
"2021-04-22 15:35:13";13,17714;43,59155
"2021-04-22 15:36:13";13,17079;43,59911
"2021-04-22 15:37:13";13,16537;43,62535
"2021-04-22 15:38:13";13,08589;43,65807
"2021-04-22 15:39:13";13,05282;43,65021
"2021-04-22 15:40:13";13,05391;43,66372
"2021-04-22 15:41:13";13,11256;43,68678
"2021-04-22 15:42:13";13,1032;43,69318
"2021-04-22 15:43:13";13,177;43,50067
"2021-04-22 15:44:13";13,11584;43,48894
"2021-04-22 15:45:13";13,17515;43,44701
"2021-04-22 15:46:13";13,19061;43,4501
"2021-04-22 15:47:13";13,17381;43,45251
"2021-04-22 15:48:13";13,15046;43,44759
"2021-04-22 15:49:13";13,17534;43,4205
"2021-04-22 15:50:13";13,17687;43,3143
"2021-04-22 15:51:13";13,14092;43,20602
"2021-04-22 15:52:13";13,18235;43,10693
"2021-04-22 15:53:13";13,15544;43,00278
"2021-04-22 15:54:13";13,14738;42,96791
"2021-04-22 15:55:13";13,12105;42,88613
"2021-04-22 15:56:13";13,04863;42,92722
"2021-04-22 15:57:13";0;0
"2021-04-22 15:58:13";0;0
"2021-04-22 15:59:13";0;0
"2021-04-22 16:00:12";0;0
"2021-04-22 16:01:12";0;0
"2021-04-22 16:02:12";0;0
"2021-04-22 16:03:12";0;0
"2021-04-22 16:04:12";0;0
"2021-04-22 16:05:12";0;0
"2021-04-22 16:06:12";0;0
"2021-04-22 16:07:12";0;0
"2021-04-22 16:08:12";0;0
"2021-04-22 16:09:12";0;0
"2021-04-22 16:10:12";0;0
"2021-04-22 16:11:12";0;0
"2021-04-22 16:12:12";0;0
"2021-04-22 16:13:12";0;0
"2021-04-22 16:14:12";0;0
"2021-04-22 16:15:12";0;0
"2021-04-22 16:16:12";0;0
"2021-04-22 16:17:12";0;0
"2021-04-22 16:18:12";0;0
"2021-04-22 16:19:12";0;0
"2021-04-22 16:20:12";0;0
"2021-04-22 16:21:12";0;0
"2021-04-22 16:22:12";0;0
"2021-04-22 16:23:12";0;0
"2021-04-22 16:24:12";0;0
"2021-04-22 16:25:12";0;0
"2021-04-22 16:26:12";0;0
"2021-04-22 16:27:12";0;0
"2021-04-22 16:28:12";0;0
"2021-04-22 16:29:12";0;0
"2021-04-22 16:30:12";0;0
"2021-04-22 16:31:12";0;0
"2021-04-22 16:32:12";0;0
"2021-04-22 16:33:12";0;0
"2021-04-22 16:34:12";0;0
"2021-04-22 16:35:12";0;0
"2021-04-22 16:36:12";0;0
"2021-04-22 16:37:12";0;0
"2021-04-22 16:38:12";0;0
"2021-04-22 16:39:12";0;0
"2021-04-22 16:40:12";0;0
"2021-04-22 16:41:12";0;0
"2021-04-22 16:42:12";0;0
