"TimeString";"Vol_h_estatico";"Vol_t_estatico"
"2021-04-21 16:18:25";0,7656973;2,189308
"2021-04-21 16:19:25";0,766059;2,183883
"2021-04-21 16:20:25";0,766059;2,184607
"2021-04-21 16:21:25";0,7664207;2,183883
"2021-04-21 16:22:25";0,7656973;2,183883
"2021-04-21 16:23:25";0,7656973;2,182436
"2021-04-21 16:24:25";0,766059;2,178096
"2021-04-21 16:25:25";0,766059;2,173756
"2021-04-21 16:26:25";0,7656973;2,174117
"2021-04-21 16:27:25";0,7671441;2,173032
"2021-04-21 16:28:25";0,7671441;2,172309
"2021-04-21 16:29:25";0,7671441;2,169054
"2021-04-21 16:30:25";0,766059;2,166522
"2021-04-21 16:31:25";0,7667824;2,16399
"2021-04-21 16:32:25";0,7675058;2,163628
"2021-04-21 16:33:25";0,7682291;2,162543
"2021-04-21 16:34:25";0,7675058;2,157841
"2021-04-21 16:35:25";0,7671441;2,157841
"2021-04-21 16:36:25";0,7664207;2,157118
"2021-04-21 16:37:25";0,7678674;2,154948
"2021-04-21 16:38:25";0,7678674;2,154224
"2021-04-21 16:39:25";0,7671441;2,153501
"2021-04-21 16:40:25";0,7682291;2,152416
"2021-04-21 16:41:25";0,7682291;2,150608
"2021-04-21 16:42:25";0,7682291;2,149161
"2021-04-21 16:43:25";0,7678674;2,148438
"2021-04-21 16:44:25";0,7685909;2,147352
"2021-04-21 16:45:25";0,7685909;2,146267
"2021-04-21 16:46:25";0,7685909;2,145182
"2021-04-21 16:47:25";0,7689525;2,143374
"2021-04-21 16:48:25";0,7678674;2,143374
"2021-04-21 16:49:25";0,7685909;2,141565
"2021-04-21 16:50:25";0,7685909;2,140119
"2021-04-21 16:51:25";0,7685909;2,139757
"2021-04-21 16:52:25";0,7682291;2,139395
"2021-04-21 16:53:25";0,7685909;2,137587
"2021-04-21 16:54:25";0,7685909;2,13831
"2021-04-21 16:55:25";0,7685909;2,13614
"2021-04-21 16:56:25";0,7685909;2,135417
"2021-04-21 16:57:25";0,7685909;2,134693
"2021-04-21 16:58:25";0,7693142;2,133608
"2021-04-21 16:59:25";0,7685909;2,1318
"2021-04-21 17:00:25";0,7693142;2,1318
"2021-04-21 17:01:25";0,7685909;2,130715
"2021-04-21 17:02:25";0,7689525;2,128906
"2021-04-21 17:03:25";0,7685909;2,129268
"2021-04-21 17:04:25";0,7693142;2,128906
"2021-04-21 17:05:25";0,7689525;2,128545
"2021-04-21 17:06:25";0,7689525;2,128183
"2021-04-21 17:07:25";0,7689525;2,126374
"2021-04-21 17:08:25";0,7693142;2,126736
"2021-04-21 17:09:25";0,7689525;2,126013
"2021-04-21 17:10:25";0,7685909;2,124566
"2021-04-21 17:11:25";0,7689525;2,124204
"2021-04-21 17:12:25";0,7685909;2,124204
"2021-04-21 17:13:25";0,7689525;2,123119
"2021-04-21 17:14:25";0,7685909;2,123119
"2021-04-21 17:15:25";0,7685909;2,122396
"2021-04-21 17:16:25";0,7689525;2,121672
"2021-04-21 17:17:25";0,7696759;2,121311
"2021-04-21 17:18:25";0,7689525;2,120226
"2021-04-21 17:19:25";0,7700376;2,119502
"2021-04-21 17:20:25";0,7696759;2,119141
"2021-04-21 17:21:25";0,7689525;2,119141
"2021-04-21 17:22:25";0,7689525;2,118056
"2021-04-21 17:23:25";0,7696759;2,117694
"2021-04-21 17:24:25";0,770761;2,117332
"2021-04-21 17:25:25";0,7693142;2,116609
"2021-04-21 17:26:25";0,7700376;2,116971
"2021-04-21 17:27:25";0,7696759;2,115162
"2021-04-21 17:28:25";0,7696759;2,114439
"2021-04-21 17:29:25";0,7696759;2,114077
"2021-04-21 17:30:25";0,7700376;2,113715
"2021-04-21 17:31:25";0,7700376;2,113353
"2021-04-21 17:32:25";0,7703993;2,114077
"2021-04-21 17:33:25";0,7703993;2,11263
"2021-04-21 17:34:25";0,7714844;2,111545
"2021-04-21 17:35:25";0,7703993;2,111183
"2021-04-21 17:36:25";0,770761;2,111183
"2021-04-21 17:37:25";0,770761;2,109737
"2021-04-21 17:38:25";0,7711227;2,109375
"2021-04-21 17:39:25";0,7700376;2,109737
"2021-04-21 17:40:25";0,770761;2,10829
"2021-04-21 17:41:25";0,7714844;2,108652
"2021-04-21 17:42:25";0,7711227;2,107928
"2021-04-21 17:43:25";0,7700376;2,106843
"2021-04-21 17:44:25";0,7714844;2,10612
"2021-04-21 17:45:25";0,7711227;2,106482
"2021-04-21 17:46:25";0,7714844;2,10612
"2021-04-21 17:47:25";0,7714844;2,105758
"2021-04-21 17:48:25";0,7714844;2,105396
"2021-04-21 17:49:25";0,7711227;2,105035
"2021-04-21 17:50:25";0,7711227;2,103588
"2021-04-21 17:51:25";0,7718461;2,102865
"2021-04-21 17:52:25";0,7714844;2,102503
"2021-04-21 17:53:25";0,770761;2,102503
"2021-04-21 17:54:25";0,7714844;2,103226
"2021-04-21 17:55:25";0,7711227;2,101779
"2021-04-21 17:56:25";0,7714844;2,100333
"2021-04-21 17:57:25";0,7714844;2,099971
"2021-04-21 17:58:25";0,7722077;2,099971
"2021-04-21 17:59:25";0,7722077;2,099609
"2021-04-21 18:00:24";0,7714844;2,099248
"2021-04-21 18:01:24";0,7714844;2,097439
"2021-04-21 18:02:24";0,7714844;2,097078
"2021-04-21 18:03:24";0,7722077;2,096716
"2021-04-21 18:04:24";0,7718461;2,094907
"2021-04-21 18:05:24";0,7722077;2,095269
"2021-04-21 18:06:24";0,7714844;2,094184
"2021-04-21 18:07:24";0,7718461;2,094184
"2021-04-21 18:08:24";0,7725694;2,094184
"2021-04-21 18:09:24";0,7725694;2,092737
"2021-04-21 18:10:24";0,7725694;2,092737
"2021-04-21 18:11:24";0,7732928;2,092014
"2021-04-21 18:12:24";0,7725694;2,09129
"2021-04-21 18:13:24";0,7722077;2,090205
"2021-04-21 18:14:24";0,7729311;2,089482
"2021-04-21 18:15:24";0,7722077;2,088759
"2021-04-21 18:16:24";0,7725694;2,088397
"2021-04-21 18:17:24";0,7729311;2,088397
"2021-04-21 18:18:24";0,7725694;2,087674
"2021-04-21 18:19:24";0,7725694;2,086589
"2021-04-21 18:20:24";0,7725694;2,085503
"2021-04-21 18:21:24";0,7736545;2,085503
"2021-04-21 18:22:24";0,7729311;2,085142
"2021-04-21 18:23:24";0,7736545;2,085503
"2021-04-21 18:24:24";0,7743779;2,08478
"2021-04-21 18:25:24";0,7736545;2,084057
"2021-04-21 18:26:24";0,7743779;2,08261
"2021-04-21 18:27:24";0,7729311;2,082972
"2021-04-21 18:28:24";0,7736545;2,082972
"2021-04-21 18:29:24";0,7736545;2,081525
"2021-04-21 18:30:24";0,7740162;2,08044
"2021-04-21 18:31:24";0,7743779;2,080801
"2021-04-21 18:32:24";0,7743779;2,079716
"2021-04-21 18:33:24";0,7743779;2,079716
"2021-04-21 18:34:24";0,7736545;2,079716
"2021-04-21 18:35:24";0,7740162;2,078631
"2021-04-21 18:36:24";0,7736545;2,076823
"2021-04-21 18:37:24";0,7743779;2,077185
"2021-04-21 18:38:24";0,7743779;2,076823
"2021-04-21 18:39:24";0,7743779;2,076461
"2021-04-21 18:40:24";0,7747396;2,076461
"2021-04-21 18:41:24";0,7743779;2,075376
"2021-04-21 18:42:24";0,7743779;2,076099
"2021-04-21 18:43:24";0,7743779;2,073929
"2021-04-21 18:44:24";0,7747396;2,073929
"2021-04-21 18:45:24";0,7743779;2,073568
"2021-04-21 18:46:24";0,7747396;2,072844
"2021-04-21 18:47:24";0,7743779;2,072483
"2021-04-21 18:48:24";0,7747396;2,071036
"2021-04-21 18:49:24";0,7743779;2,071036
"2021-04-21 18:50:24";0,7743779;2,070313
"2021-04-21 18:51:24";0,7751012;2,070674
"2021-04-21 18:52:24";0,7743779;2,069227
"2021-04-21 18:53:24";0,7751012;2,069227
"2021-04-21 18:54:24";0,7751012;2,068142
"2021-04-21 18:55:24";0,7747396;2,068142
"2021-04-21 18:56:24";0,7747396;2,068142
"2021-04-21 18:57:24";0,7758247;2,067057
"2021-04-21 18:58:24";0,7758247;2,065972
"2021-04-21 18:59:24";0,7754629;2,065972
"2021-04-21 19:00:23";0,7761863;2,06561
"2021-04-21 19:01:23";0,7758247;2,064887
"2021-04-21 19:02:23";0,7751012;2,064525
"2021-04-21 19:03:23";0,7769097;2,064525
"2021-04-21 19:04:23";0,776548;2,063802
"2021-04-21 19:05:23";0,7758247;2,063079
"2021-04-21 19:06:23";0,7758247;2,062355
"2021-04-21 19:07:23";0,7754629;2,061994
"2021-04-21 19:08:23";0,7754629;2,062355
"2021-04-21 19:09:24";0,776548;2,061632
"2021-04-21 19:10:23";0,776548;2,061632
"2021-04-21 19:11:23";0,7769097;2,060909
"2021-04-21 19:12:23";0,7758247;2,060909
"2021-04-21 19:13:23";0,7769097;2,059462
"2021-04-21 19:14:23";0,776548;2,059462
"2021-04-21 19:15:23";0,7769097;2,058738
"2021-04-21 19:16:23";0,7761863;2,058738
"2021-04-21 19:17:23";0,776548;2,057653
"2021-04-21 19:18:23";0,776548;2,057292
"2021-04-21 19:19:23";0,7769097;2,057292
"2021-04-21 19:20:23";0,7772714;2,057292
"2021-04-21 19:21:23";0,7772714;2,056568
"2021-04-21 19:22:23";0,7772714;2,056568
"2021-04-21 19:23:23";0,7769097;2,056568
"2021-04-21 19:24:23";0,7772714;2,055483
"2021-04-21 19:25:23";0,7772714;2,05476
"2021-04-21 19:26:23";0,7772714;2,054398
"2021-04-21 19:27:23";0,7769097;2,053675
"2021-04-21 19:28:23";0,7772714;2,053313
"2021-04-21 19:29:24";0,7772714;2,052951
"2021-04-21 19:30:23";0,7772714;2,052228
"2021-04-21 19:31:23";0,7772714;2,052228
"2021-04-21 19:32:23";0,7772714;2,052951
"2021-04-21 19:33:23";0,7772714;2,052228
"2021-04-21 19:34:23";0,7772714;2,050781
"2021-04-21 19:35:23";0,7772714;2,050781
"2021-04-21 19:36:23";0,7772714;2,050058
"2021-04-21 19:37:23";0,7772714;2,050058
"2021-04-21 19:38:23";0,7772714;2,050058
"2021-04-21 19:39:23";0,7772714;2,049335
"2021-04-21 19:40:23";0,7772714;2,048973
"2021-04-21 19:41:23";0,7772714;2,049335
"2021-04-21 19:42:23";0,7772714;2,047888
"2021-04-21 19:43:23";0,7769097;2,047888
"2021-04-21 19:44:23";0,7772714;2,048249
"2021-04-21 19:45:23";0,7772714;2,047888
"2021-04-21 19:46:23";0,7772714;2,047164
"2021-04-21 19:47:23";0,7772714;2,047526
"2021-04-21 19:48:24";0,7772714;2,047526
"2021-04-21 19:49:23";0,7772714;2,047888
"2021-04-21 19:50:23";0,7772714;2,047526
"2021-04-21 19:51:23";0,7769097;2,047888
"2021-04-21 19:52:23";0,7772714;2,047888
"2021-04-21 19:53:23";2,123842;2,114439
"2021-04-21 19:54:23";2,1148;2,128906
"2021-04-21 19:55:23";2,111183;2,137587
"2021-04-21 19:56:23";2,108652;2,141204
"2021-04-21 19:57:23";2,106482;2,143735
"2021-04-21 19:58:23";2,105758;2,146267
"2021-04-21 19:59:23";2,105396;2,148076
"2021-04-21 20:00:23";2,104673;2,148438
"2021-04-21 20:01:23";2,104673;2,149161
"2021-04-21 20:02:23";2,103226;2,149523
"2021-04-21 20:03:23";2,10395;2,149161
"2021-04-21 20:04:23";2,103588;2,149161
"2021-04-21 20:05:23";2,105035;2,149161
"2021-04-21 20:06:23";2,104311;2,148799
"2021-04-21 20:07:23";2,104311;2,148438
"2021-04-21 20:08:23";2,105035;2,147352
"2021-04-21 20:09:23";2,104311;2,146991
"2021-04-21 20:10:23";2,105035;2,146267
"2021-04-21 20:11:23";2,105035;2,145906
"2021-04-21 20:12:23";2,105758;2,144459
"2021-04-21 20:13:23";2,10612;2,143374
"2021-04-21 20:14:23";2,106843;2,143374
"2021-04-21 20:15:23";2,106843;2,14265
"2021-04-21 20:16:23";2,107928;2,14265
"2021-04-21 20:17:23";2,108652;2,140842
"2021-04-21 20:18:23";2,10829;2,14048
"2021-04-21 20:19:23";2,110098;2,140119
"2021-04-21 20:20:23";2,110822;2,139034
"2021-04-21 20:21:23";2,110822;2,137587
"2021-04-21 20:22:23";2,110822;2,137587
"2021-04-21 20:23:23";2,111545;2,136863
"2021-04-21 20:24:23";2,111545;2,135417
"2021-04-21 20:25:23";2,112992;2,134693
"2021-04-21 20:26:23";2,113353;2,134693
"2021-04-21 20:27:23";2,114439;2,13397
"2021-04-21 20:28:23";2,116609;2,132523
"2021-04-21 20:29:23";2,115885;2,1318
"2021-04-21 20:30:23";2,1148;2,1318
"2021-04-21 20:31:23";2,116971;2,131438
"2021-04-21 20:32:23";2,117694;2,131076
"2021-04-21 20:33:23";2,118417;2,12963
"2021-04-21 20:34:23";2,118779;2,128906
"2021-04-21 20:35:23";2,119502;2,128545
"2021-04-21 20:36:23";2,119502;2,128183
"2021-04-21 20:37:23";2,120226;2,127098
"2021-04-21 20:38:23";2,122396;2,126013
"2021-04-21 20:39:23";2,182075;2,113715
"2021-04-21 20:40:23";2,331453;2,112992
"2021-04-21 20:41:23";2,358579;2,120949
"2021-04-21 20:42:23";2,356047;2,152416
"2021-04-21 20:43:23";2,342665;2,195096
"2021-04-21 20:44:23";2,340495;2,202329
"2021-04-21 20:45:23";2,409578;2,229818
"2021-04-21 20:46:23";2,373409;2,258029
"2021-04-21 20:47:23";2,427662;2,275029
"2021-04-21 20:48:23";2,492404;2,282263
"2021-04-21 20:49:23";2,462746;2,282263
"2021-04-21 20:50:23";2,447555;2,279369
"2021-04-21 20:51:23";2,522425;2,290943
"2021-04-21 20:52:23";2,460214;2,293113
"2021-04-21 20:53:23";2,493851;2,296369
"2021-04-21 20:54:23";2,526765;2,294922
"2021-04-21 20:55:23";2,47866;2,302879
"2021-04-21 20:56:23";2,577402;2,305049
"2021-04-21 20:57:23";2,517361;2,309028
"2021-04-21 20:58:23";2,566551;2,310836
"2021-04-21 20:59:23";2,632017;2,305049
"2021-04-21 21:00:23";2,551722;2,302517
"2021-04-21 21:01:23";2,614294;2,304326
"2021-04-21 21:02:23";2,600911;2,302156
"2021-04-21 21:03:23";2,615379;2,306496
"2021-04-21 21:04:23";2,667462;2,305049
"2021-04-21 21:05:23";2,560402;2,309028
"2021-04-21 21:06:23";2,620443;2,298539
"2021-04-21 21:07:23";2,63708;2,299624
"2021-04-21 21:08:23";2,584635;2,308666
"2021-04-21 21:09:23";2,630208;2,330367
"2021-04-21 21:10:23";2,685185;2,36292
"2021-04-21 21:11:23";2,651548;2,383536
"2021-04-21 21:12:23";2,705078;2,384621
"2021-04-21 21:13:23";2,67759;2,37377
"2021-04-21 21:14:23";2,705078;2,371962
"2021-04-21 21:15:23";2,606699;2,37377
"2021-04-21 21:16:23";2,676143;2,37377
"2021-04-21 21:17:23";2,541594;2,377387
"2021-04-21 21:18:23";2,645399;2,388599
"2021-04-21 21:19:23";2,549551;2,388238
"2021-04-21 21:20:23";2,622251;2,392216
"2021-04-21 21:21:23";2,554253;2,388961
"2021-04-21 21:22:23";2,624783;2,388961
"2021-04-21 21:23:23";2,578487;2,394748
"2021-04-21 21:24:23";2,686994;2,394748
"2021-04-21 21:25:23";2,622613;2,397642
"2021-04-21 21:26:23";2,690249;2,396918
"2021-04-21 21:27:23";2,596571;2,40162
"2021-04-21 21:28:23";2,682292;2,405237
"2021-04-21 21:29:23";2,603081;2,409216
"2021-04-21 21:30:23";2,660952;2,414279
"2021-04-21 21:31:23";2,575593;2,423322
"2021-04-21 21:32:23";2,649378;2,417535
"2021-04-21 21:33:23";2,545573;2,421513
"2021-04-21 21:34:23";2,636357;2,429109
"2021-04-21 21:35:23";2,564019;2,430194
"2021-04-21 21:36:23";2,627315;2,432002
"2021-04-21 21:37:23";2,586444;2,437789
"2021-04-21 21:38:23";2,592954;2,437428
"2021-04-21 21:39:23";2,628038;2,437428
"2021-04-21 21:40:23";2,63491;2,427662
"2021-04-21 21:41:23";2,631293;2,432364
"2021-04-21 21:42:23";2,617188;2,437428
"2021-04-21 21:43:23";2,744141;2,435619
"2021-04-21 21:44:23";2,661314;2,437066
"2021-04-21 21:45:23";2,591507;2,434896
"2021-04-21 21:46:23";2,683738;2,441406
"2021-04-21 21:47:23";2,584635;2,438513
"2021-04-21 21:48:23";2,693866;2,441045
"2021-04-21 21:49:23";2,627315;2,4443
"2021-04-21 21:50:23";2,596571;2,447555
"2021-04-21 21:51:23";2,647208;2,443938
"2021-04-21 21:52:23";2,603805;2,455874
"2021-04-21 21:53:23";2,666016;2,45515
"2021-04-21 21:54:23";2,664569;2,454789
"2021-04-21 21:55:23";2,620081;2,462023
"2021-04-21 21:56:23";2,662399;2,465639
"2021-04-21 21:57:23";2,613209;2,463831
"2021-04-21 21:58:23";2,633102;2,466363
"2021-04-21 21:59:23";2,508681;2,466724
"2021-04-21 22:00:22";2,582827;2,469256
"2021-04-21 22:01:22";2,537254;2,466363
"2021-04-21 22:02:22";2,578125;2,465278
"2021-04-21 22:03:22";2,491319;2,465278
"2021-04-21 22:04:22";2,552807;2,469618
"2021-04-21 22:05:22";2,463831;2,466724
"2021-04-21 22:06:22";2,547743;2,460938
"2021-04-21 22:07:22";2,486979;2,467086
"2021-04-21 22:08:22";2,485532;2,466001
"2021-04-21 22:09:22";2,477575;2,467448
"2021-04-21 22:10:22";2,510127;2,460938
"2021-04-21 22:11:22";2,459129;2,459852
"2021-04-21 22:12:22";2,483362;2,458767
"2021-04-21 22:13:22";2,5;2,452619
"2021-04-21 22:14:22";2,544488;2,454427
"2021-04-21 22:15:22";2,468533;2,460576
"2021-04-21 22:16:22";2,529297;2,455874
"2021-04-21 22:17:22";2,449363;2,452619
"2021-04-21 22:18:22";2,520978;2,456597
"2021-04-21 22:19:22";2,459129;2,460938
"2021-04-21 22:20:22";2,530382;2,458044
"2021-04-21 22:21:22";2,475767;2,458044
"2021-04-21 22:22:22";2,475043;2,460938
"2021-04-21 22:23:22";2,517723;2,452619
"2021-04-21 22:24:22";2,484086;2,454427
"2021-04-21 22:25:22";2,538339;2,452257
"2021-04-21 22:26:22";2,490596;2,448278
"2021-04-21 22:27:22";2,556062;2,449363
"2021-04-21 22:28:22";2,535807;2,452619
"2021-04-21 22:29:22";2,581742;2,446831
"2021-04-21 22:30:22";2,501085;2,447193
"2021-04-21 22:31:22";2,545211;2,448278
"2021-04-21 22:32:22";2,520255;2,450449
"2021-04-21 22:33:22";2,481554;2,450449
"2021-04-21 22:34:22";2,501085;2,455512
"2021-04-21 22:35:22";2,484447;2,457682
"2021-04-21 22:36:22";2,466724;2,45515
"2021-04-21 22:37:22";2,466724;2,452257
"2021-04-21 22:38:22";2,468171;2,452619
"2021-04-21 22:39:22";2,39077;2,449363
"2021-04-21 22:40:22";2,461661;2,452257
"2021-04-21 22:41:22";2,409216;2,452257
"2021-04-21 22:42:22";2,458044;2,446831
"2021-04-21 22:43:22";2,411748;2,445746
"2021-04-21 22:44:22";2,460576;2,441768
"2021-04-21 22:45:22";2,426577;2,441045
"2021-04-21 22:46:22";2,483001;2,439598
"2021-04-21 22:47:22";2,398727;2,443938
"2021-04-21 22:48:22";2,410663;2,443576
"2021-04-21 22:49:22";2,411748;2,438874
"2021-04-21 22:50:22";2,360026;2,439598
"2021-04-21 22:51:22";2,394748;2,438151
"2021-04-21 22:52:22";2,340495;2,441045
"2021-04-21 22:53:22";2,346643;2,438874
"2021-04-21 22:54:22";2,388961;2,438151
"2021-04-21 22:55:22";2,331453;2,431641
"2021-04-21 22:56:22";2,331091;2,429471
"2021-04-21 22:57:22";2,379195;2,426939
"2021-04-21 22:58:22";2,349537;2,429109
"2021-04-21 22:59:22";2,335069;2,429471
"2021-04-21 23:00:21";2,356771;2,429109
"2021-04-21 23:01:21";2,426215;2,4273
"2021-04-21 23:02:21";2,40379;2,424768
"2021-04-21 23:03:21";2,346282;2,424045
"2021-04-21 23:04:21";2,304326;2,42079
"2021-04-21 23:05:21";2,360388;2,42079
"2021-04-21 23:06:21";2,387514;2,419705
"2021-04-21 23:07:21";2,364366;2,41645
"2021-04-21 23:08:21";2,300347;2,413556
"2021-04-21 23:09:21";2,333623;2,414641
"2021-04-21 23:10:21";2,358217;2,412109
"2021-04-21 23:11:21";2,307943;2,408854
"2021-04-21 23:12:21";2,378472;2,406322
"2021-04-21 23:13:21";2,382451;2,407046
"2021-04-21 23:14:21";2,363643;2,404152
"2021-04-21 23:15:21";2,421875;2,401982
"2021-04-21 23:16:21";2,412109;2,400535
"2021-04-21 23:17:21";2,322049;2,403429
"2021-04-21 23:18:21";2,340857;2,402344
"2021-04-21 23:19:22";2,346282;2,403429
"2021-04-21 23:20:22";2,304688;2,400535
"2021-04-21 23:21:22";2,274306;2,40162
"2021-04-21 23:22:21";2,342665;2,400897
"2021-04-21 23:23:21";2,291305;2,400535
"2021-04-21 23:24:21";2,270689;2,401259
"2021-04-21 23:25:21";2,359664;2,406322
"2021-04-21 23:26:21";2,277199;2,412471
"2021-04-21 23:27:21";2,276837;2,42079
"2021-04-21 23:28:21";2,352069;2,438151
"2021-04-21 23:29:21";2,341942;2,446831
"2021-04-21 23:30:21";2,352431;2,466001
"2021-04-21 23:31:21";2,381366;2,469618
"2021-04-21 23:32:21";2,293113;2,481192
"2021-04-21 23:33:21";2,349899;2,481192
"2021-04-21 23:34:21";2,250434;2,486979
"2021-04-21 23:35:21";2,359664;2,489873
"2021-04-21 23:36:21";2,276476;2,489873
"2021-04-21 23:37:21";2,289135;2,492043
"2021-04-21 23:38:21";2,259476;2,488788
"2021-04-21 23:39:22";2,2432;2,492043
"2021-04-21 23:40:22";2,315176;2,501447
"2021-04-21 23:41:22";2,261285;2,499638
"2021-04-21 23:42:21";2,244647;2,498192
"2021-04-21 23:43:21";2,272497;2,503255
"2021-04-21 23:44:21";2,279369;2,495298
"2021-04-21 23:45:21";2,330367;2,5
"2021-04-21 23:46:21";2,295284;2,49783
"2021-04-21 23:47:21";2,333623;2,498915
"2021-04-21 23:48:21";2,315176;2,501447
"2021-04-21 23:49:21";2,225116;2,497468
"2021-04-21 23:50:21";2,307581;2,506872
"2021-04-21 23:51:21";2,28371;2,499277
"2021-04-21 23:52:21";2,24103;2,500723
"2021-04-21 23:53:21";2,267795;2,507234
"2021-04-21 23:54:21";2,230541;2,50434
"2021-04-21 23:55:21";2,26454;2,49566
"2021-04-21 23:56:21";2,274306;2,507234
"2021-04-21 23:57:21";2,264178;2,496383
"2021-04-21 23:58:22";2,314453;2,495298
"2021-04-21 23:59:22";2,267795;2,499638
"2021-04-22 00:00:21";2,272497;2,509404
"2021-04-22 00:01:21";2,293475;2,503255
"2021-04-22 00:02:21";2,274667;2,49566
"2021-04-22 00:03:21";2,31156;2,497468
"2021-04-22 00:04:21";2,277199;2,49783
"2021-04-22 00:05:21";2,234881;2,496745
"2021-04-22 00:06:21";2,29456;2,496745
"2021-04-22 00:07:21";2,272135;2,503255
"2021-04-22 00:08:21";2,225839;2,513382
"2021-04-22 00:09:21";2,29239;2,533637
"2021-04-22 00:10:21";2,286241;2,539063
"2021-04-22 00:11:21";2,218605;2,546296
"2021-04-22 00:12:21";2,299262;2,542318
"2021-04-22 00:13:21";2,243562;2,552807
"2021-04-22 00:14:21";2,278284;2,554977
"2021-04-22 00:15:21";2,257306;2,56004
"2021-04-22 00:16:21";2,335793;2,561849
"2021-04-22 00:17:21";2,248987;2,560402
"2021-04-22 00:18:21";2,293113;2,571253
"2021-04-22 00:19:21";2,247179;2,562572
"2021-04-22 00:20:21";2,219329;2,563657
"2021-04-22 00:21:21";2,248987;2,565104
"2021-04-22 00:22:21";2,201967;2,57487
"2021-04-22 00:23:21";2,253328;2,573423
"2021-04-22 00:24:21";2,161097;2,576678
"2021-04-22 00:25:21";2,235605;2,570529
"2021-04-22 00:26:21";2,211733;2,571976
"2021-04-22 00:27:21";2,249349;2,58138
"2021-04-22 00:28:21";2,214627;2,580295
"2021-04-22 00:29:21";2,190393;2,581742
"2021-04-22 00:30:21";2,233796;2,592231
"2021-04-22 00:31:21";2,203776;2,585359
"2021-04-22 00:32:21";2,265625;2,585359
"2021-04-22 00:33:21";2,180628;2,590422
"2021-04-22 00:34:21";2,255498;2,58355
"2021-04-22 00:35:21";2,174117;2,582465
"2021-04-22 00:36:21";2,228733;2,593678
"2021-04-22 00:37:21";2,182798;2,590784
"2021-04-22 00:38:21";2,152416;2,584635
"2021-04-22 00:39:21";2,22186;2,596933
"2021-04-22 00:40:21";2,163267;2,579572
"2021-04-22 00:41:21";2,154586;2,579572
"2021-04-22 00:42:21";2,212456;2,57487
"2021-04-22 00:43:21";2,154586;2,584274
"2021-04-22 00:44:21";2,190755;2,580295
"2021-04-22 00:45:21";2,209925;2,582465
"2021-04-22 00:46:21";2,16616;2,576678
"2021-04-22 00:47:21";2,231264;2,578848
"2021-04-22 00:48:21";2,171947;2,578487
"2021-04-22 00:49:21";2,136502;2,57921
"2021-04-22 00:50:21";2,18316;2,587891
"2021-04-22 00:51:21";2,126374;2,585359
"2021-04-22 00:52:21";2,093099;2,582103
"2021-04-22 00:53:21";2,172309;2,585359
"2021-04-22 00:54:21";2,141927;2,58355
"2021-04-22 00:55:21";2,100333;2,588614
"2021-04-22 00:56:21";2,145182;2,60489
"2021-04-22 00:57:21";2,111183;2,600911
"2021-04-22 00:58:21";2,100333;2,602358
"2021-04-22 00:59:21";2,187138;2,605613
"2021-04-22 01:00:20";2,125651;2,608507
"2021-04-22 01:01:20";2,173394;2,608145
"2021-04-22 01:02:20";2,133608;2,617188
"2021-04-22 01:03:20";2,204861;2,603805
"2021-04-22 01:04:21";2,10829;2,605613
"2021-04-22 01:05:21";2,156756;2,60923
"2021-04-22 01:06:21";2,085865;2,615379
"2021-04-22 01:07:21";2,115524;2,621528
"2021-04-22 01:08:21";2,070674;2,630932
"2021-04-22 01:09:21";2,111545;2,619358
"2021-04-22 01:10:21";2,062355;2,617549
"2021-04-22 01:11:21";2,046079;2,617188
"2021-04-22 01:12:21";2,10612;2,612124
"2021-04-22 01:13:21";2,076823;2,618634
"2021-04-22 01:14:21";2,092737;2,622974
"2021-04-22 01:15:21";2,043547;2,622974
"2021-04-22 01:16:21";2,125289;2,626953
"2021-04-22 01:17:21";2,075376;2,627315
"2021-04-22 01:18:21";2,076823;2,634549
"2021-04-22 01:19:20";2,119864;2,6284
"2021-04-22 01:20:20";2,073929;2,63491
"2021-04-22 01:21:20";2,116247;2,622251
"2021-04-22 01:22:20";2,017506;2,628762
"2021-04-22 01:23:20";2,089844;2,614294
"2021-04-22 01:24:20";2,039569;2,6114
"2021-04-22 01:25:21";2,00774;2,616102
"2021-04-22 01:26:21";2,055121;2,613932
"2021-04-22 01:27:21";2,007017;2,614656
"2021-04-22 01:28:21";2,05042;2,613932
"2021-04-22 01:29:21";2,017867;2,608507
"2021-04-22 01:30:21";1,997975;2,611039
"2021-04-22 01:31:21";2,056206;2,60272
"2021-04-22 01:32:21";2,016782;2,601996
"2021-04-22 01:33:21";2,021846;2,603081
"2021-04-22 01:34:21";2,068866;2,617911
"2021-04-22 01:35:21";2,011357;2,622613
"2021-04-22 01:36:21";2,061632;2,619358
"2021-04-22 01:37:21";1,978805;2,616102
"2021-04-22 01:38:21";1,993273;2,6114
"2021-04-22 01:39:21";1,986762;2,614294
"2021-04-22 01:40:21";1,986762;2,614656
"2021-04-22 01:41:21";1,987124;2,610677
"2021-04-22 01:42:21";1,956742;2,602358
"2021-04-22 01:43:21";1,982784;2,609954
"2021-04-22 01:44:21";1,97555;2,596933
"2021-04-22 01:45:21";1,931062;2,596933
"2021-04-22 01:46:21";1,981699;2,594039
"2021-04-22 01:47:20";1,929977;2,594039
"2021-04-22 01:48:20";2,012442;2,589337
"2021-04-22 01:49:20";1,939742;2,591507
"2021-04-22 01:50:20";2,021123;2,588252
"2021-04-22 01:51:20";1,959274;2,576678
"2021-04-22 01:52:20";1,927445;2,576678
"2021-04-22 01:53:21";1,982422;2,576317
"2021-04-22 01:54:21";1,923105;2,573061
"2021-04-22 01:55:21";1,9477;2,569806
"2021-04-22 01:56:21";1,958189;2,567998
"2021-04-22 01:57:21";1,884404;2,5727
"2021-04-22 01:58:21";1,921296;2,584274
"2021-04-22 01:59:21";1,925637;2,596933
"2021-04-22 02:00:20";1,886936;2,619719
"2021-04-22 02:01:20";1,965422;2,630208
"2021-04-22 02:02:20";1,881872;2,654442
"2021-04-22 02:03:20";1,919126;2,663484
"2021-04-22 02:04:20";1,940827;2,674335
"2021-04-22 02:05:20";1,908999;2,672164
"2021-04-22 02:06:20";1,95204;2,677951
"2021-04-22 02:07:20";1,881149;2,683377
"2021-04-22 02:08:20";1,933232;2,683377
"2021-04-22 02:09:20";1,888021;2,691334
"2021-04-22 02:10:20";1,908637;2,689887
"2021-04-22 02:11:20";1,906105;2,701823
"2021-04-22 02:12:20";1,864873;2,701099
"2021-04-22 02:13:20";1,925637;2,702908
"2021-04-22 02:14:20";1,906105;2,692419
"2021-04-22 02:15:20";1,854022;2,692781
"2021-04-22 02:16:20";1,946615;2,68627
"2021-04-22 02:17:20";1,865234;2,695313
"2021-04-22 02:18:20";1,910446;2,690249
"2021-04-22 02:19:20";1,911892;2,684824
"2021-04-22 02:20:20";1,92419;2,692419
"2021-04-22 02:21:20";1,893084;2,692419
"2021-04-22 02:22:20";1,862341;2,680121
"2021-04-22 02:23:20";1,918041;2,676866
"2021-04-22 02:24:20";1,837746;2,677228
"2021-04-22 02:25:20";1,889106;2,664931
"2021-04-22 02:26:20";1,881872;2,66276
"2021-04-22 02:27:20";1,816768;2,663122
"2021-04-22 02:28:20";1,87283;2,66276
"2021-04-22 02:29:20";1,855107;2,651548
"2021-04-22 02:30:20";1,819661;2,646123
"2021-04-22 02:31:20";1,865958;2,641782
"2021-04-22 02:32:20";1,863426;2,638889
"2021-04-22 02:33:20";1,845703;2,630932
"2021-04-22 02:34:20";1,876085;2,631655
"2021-04-22 02:35:20";1,878617;2,62406
"2021-04-22 02:36:20";1,813151;2,618634
"2021-04-22 02:37:20";1,872468;2,614656
"2021-04-22 02:38:20";1,824725;2,599826
"2021-04-22 02:39:20";1,786024;2,597656
"2021-04-22 02:40:20";1,844256;2,591507
"2021-04-22 02:41:20";1,806279;2,599103
"2021-04-22 02:42:20";1,74877;2,597295
"2021-04-22 02:43:20";1,818938;2,599826
"2021-04-22 02:44:20";1,80013;2,609592
"2021-04-22 02:45:20";1,773003;2,617188
"2021-04-22 02:46:20";1,822917;2,626591
"2021-04-22 02:47:20";1,808449;2,640336
"2021-04-22 02:48:20";1,804832;2,652271
"2021-04-22 02:49:20";1,788918;2,669271
"2021-04-22 02:50:20";1,850767;2,676143
"2021-04-22 02:51:20";1,767216;2,68627
"2021-04-22 02:52:20";1,750579;2,692057
"2021-04-22 02:53:20";1,792535;2,714844
"2021-04-22 02:54:20";1,790365;2,718099
"2021-04-22 02:55:20";1,731771;2,715205
"2021-04-22 02:56:20";1,738643;2,719907
"2021-04-22 02:57:20";1,786386;2,714844
"2021-04-22 02:58:20";1,726707;2,723163
"2021-04-22 02:59:20";1,762514;2,736183
"2021-04-22 03:00:19";1,76794;2,738353
"2021-04-22 03:01:19";1,773365;2,740524
"2021-04-22 03:02:19";1,782407;2,746311
"2021-04-22 03:03:19";1,74877;2,755715
"2021-04-22 03:04:19";1,779152;2,767289
"2021-04-22 03:05:19";1,758898;2,769097
"2021-04-22 03:06:19";1,724899;2,755715
"2021-04-22 03:07:19";1,766855;2,767289
"2021-04-22 03:08:19";1,696325;2,769459
"2021-04-22 03:09:19";1,760344;2,76982
"2021-04-22 03:10:19";1,709708;2,772352
"2021-04-22 03:11:19";1,723452;2,764395
"2021-04-22 03:12:19";1,753834;2,752821
"2021-04-22 03:13:19";1,708261;2,758608
"2021-04-22 03:14:19";1,757089;2,742694
"2021-04-22 03:15:19";1,69741;2,752821
"2021-04-22 03:16:19";1,762876;2,740885
"2021-04-22 03:17:19";1,707538;2,744864
"2021-04-22 03:18:19";1,8023;2,731482
"2021-04-22 03:19:19";1,753111;2,734375
"2021-04-22 03:20:19";1,732494;2,731843
"2021-04-22 03:21:19";1,752749;2,718099
"2021-04-22 03:22:19";1,682581;2,721716
"2021-04-22 03:23:19";1,752749;2,708333
"2021-04-22 03:24:19";1,687283;2,709418
"2021-04-22 03:25:19";1,727069;2,700738
"2021-04-22 03:26:19";1,708984;2,701099
"2021-04-22 03:27:19";1,676071;2,700376
"2021-04-22 03:28:19";1,726345;2,694227
"2021-04-22 03:29:19";1,740451;2,697844
"2021-04-22 03:30:19";1,702836;2,693866
"2021-04-22 03:31:19";1,715133;2,686994
"2021-04-22 03:32:19";1,729239;2,690972
"2021-04-22 03:33:19";1,705367;2,689164
"2021-04-22 03:34:19";1,745515;2,697483
"2021-04-22 03:35:19";1,67173;2,689887
"2021-04-22 03:36:19";1,643157;2,694951
"2021-04-22 03:37:19";1,706452;2,684462
"2021-04-22 03:38:19";1,64605;2,684462
"2021-04-22 03:39:19";1,692708;2,680483
"2021-04-22 03:40:19";1,681134;2,677951
"2021-04-22 03:41:19";1,638093;2,681568
"2021-04-22 03:42:19";1,672092;2,674696
"2021-04-22 03:43:19";1,677156;2,675058
"2021-04-22 03:44:19";1,630498;2,673611
"2021-04-22 03:45:19";1,640625;2,674696
"2021-04-22 03:46:19";1,667752;2,671079
"2021-04-22 03:47:19";1,643157;2,668909
"2021-04-22 03:48:19";1,673539;2,668547
"2021-04-22 03:49:19";1,656539;2,665292
"2021-04-22 03:50:19";1,601201;2,664931
"2021-04-22 03:51:19";1,663411;2,663122
"2021-04-22 03:52:19";1,630859;2,671441
"2021-04-22 03:53:19";1,574436;2,671803
"2021-04-22 03:54:19";1,594329;2,685909
"2021-04-22 03:55:19";1,627242;2,694227
"2021-04-22 03:56:19";1,575521;2,706887
"2021-04-22 03:57:19";1,58384;2,715929
"2021-04-22 03:58:19";1,603371;2,725694
"2021-04-22 03:59:19";1,56901;2,723163
"2021-04-22 04:00:19";1,600116;2,729673
"2021-04-22 04:01:19";1,607711;2,73763
"2021-04-22 04:02:19";1,579138;2,740885
"2021-04-22 04:03:19";1,657986;2,73112
"2021-04-22 04:04:19";1,568649;2,738353
"2021-04-22 04:05:19";1,636646;2,727503
"2021-04-22 04:06:19";1,577329;2,726779
"2021-04-22 04:07:19";1,583478;2,720631
"2021-04-22 04:08:19";1,576968;2,724609
"2021-04-22 04:09:19";1,544777;2,717014
"2021-04-22 04:10:19";1,595052;2,715205
"2021-04-22 04:11:19";1,572989;2,709418
"2021-04-22 04:12:19";1,578053;2,700014
"2021-04-22 04:13:19";1,60952;2,700738
"2021-04-22 04:14:19";1,568649;2,689525
"2021-04-22 04:15:19";1,609881;2,692419
"2021-04-22 04:16:19";1,609158;2,694589
"2021-04-22 04:17:19";1,591074;2,683377
"2021-04-22 04:18:19";1,581308;2,680483
"2021-04-22 04:19:19";1,604456;2,67759
"2021-04-22 04:20:19";1,551649;2,677228
"2021-04-22 04:21:19";1,54116;2,668909
"2021-04-22 04:22:19";1,586733;2,666016
"2021-04-22 04:23:19";1,531033;2,66059
"2021-04-22 04:24:19";1,567202;2,656973
"2021-04-22 04:25:19";1,596499;2,651548
"2021-04-22 04:26:19";1,536097;2,648293
"2021-04-22 04:27:19";1,532841;2,641782
"2021-04-22 04:28:19";1,546947;2,638527
"2021-04-22 04:29:19";1,603371;2,638165
"2021-04-22 04:30:19";1,554543;2,635272
"2021-04-22 04:31:19";1,554543;2,633825
"2021-04-22 04:32:19";1,607711;2,628762
"2021-04-22 04:33:19";1,582031;2,624783
"2021-04-22 04:34:19";1,579499;2,619719
"2021-04-22 04:35:19";1,576244;2,617188
"2021-04-22 04:36:19";1,537905;2,614294
"2021-04-22 04:37:19";1,538628;2,610315
"2021-04-22 04:38:19";1,5625;2,607784
"2021-04-22 04:39:19";1,523799;2,608869
"2021-04-22 04:40:19";1,500651;2,606699
"2021-04-22 04:41:19";1,557436;2,608507
"2021-04-22 04:42:19";1,532118;2,608507
"2021-04-22 04:43:19";1,516204;2,608507
"2021-04-22 04:44:19";1,541884;2,603805
"2021-04-22 04:45:19";1,552373;2,602358
"2021-04-22 04:46:19";1,510417;2,596933
"2021-04-22 04:47:19";1,548756;2,596933
"2021-04-22 04:48:19";1,592882;2,591146
"2021-04-22 04:49:19";1,524523;2,591146
"2021-04-22 04:50:19";1,506438;2,590061
"2021-04-22 04:51:19";1,566479;2,587891
"2021-04-22 04:52:19";1,542969;2,582465
"2021-04-22 04:53:19";1,497758;2,579933
"2021-04-22 04:54:19";1,48329;2,582465
"2021-04-22 04:55:19";1,534288;2,578848
"2021-04-22 04:56:19";1,516927;2,576678
"2021-04-22 04:57:19";1,494864;2,569806
"2021-04-22 04:58:19";1,510417;2,567274
"2021-04-22 04:59:19";1,557436;2,560402
"2021-04-22 05:00:18";1,532118;2,556062
"2021-04-22 05:01:18";1,510778;2,55136
"2021-04-22 05:02:18";1,572989;2,558232
"2021-04-22 05:03:18";1,551288;2,576317
"2021-04-22 05:04:18";1,495226;2,593316
"2021-04-22 05:05:18";1,576968;2,603081
"2021-04-22 05:06:18";1,500289;2,611039
"2021-04-22 05:07:18";1,553458;2,612847
"2021-04-22 05:08:18";1,523076;2,6114
"2021-04-22 05:09:18";1,554543;2,610315
"2021-04-22 05:10:18";1,560691;2,608145
"2021-04-22 05:11:18";1,51114;2,608507
"2021-04-22 05:12:18";1,579138;2,605975
"2021-04-22 05:13:18";1,549117;2,603443
"2021-04-22 05:14:18";1,575521;2,599826
"2021-04-22 05:15:18";1,578414;2,599465
"2021-04-22 05:16:18";1,550926;2,594039
"2021-04-22 05:17:18";1,617477;2,593316
"2021-04-22 05:18:18";1,551288;2,590061
"2021-04-22 05:19:18";1,580946;2,587891
"2021-04-22 05:20:18";1,571542;2,585721
"2021-04-22 05:21:18";1,544054;2,584997
"2021-04-22 05:22:18";1,586733;2,579933
"2021-04-22 05:23:18";1,527054;2,579572
"2021-04-22 05:24:18";1,604456;2,576678
"2021-04-22 05:25:18";1,546224;2,57487
"2021-04-22 05:26:18";1,53248;2,571976
"2021-04-22 05:27:18";1,608435;2,571615
"2021-04-22 05:28:18";1,551649;2,569083
"2021-04-22 05:29:18";1,579138;2,569806
"2021-04-22 05:30:18";1,592882;2,565466
"2021-04-22 05:31:18";1,573712;2,562572
"2021-04-22 05:32:18";1,626157;2,561126
"2021-04-22 05:33:18";1,560691;2,559679
"2021-04-22 05:34:18";1,616392;2,559317
"2021-04-22 05:35:18";1,570457;2,554977
"2021-04-22 05:36:18";1,552011;2,5557
"2021-04-22 05:37:18";1,589988;2,55353
"2021-04-22 05:38:18";1,553819;2,553168
"2021-04-22 05:39:18";1,561777;2,550637
"2021-04-22 05:40:18";1,529948;2,559317
"2021-04-22 05:41:18";0,7628038;2,539786
"2021-04-22 05:42:18";0,7617188;2,47215
"2021-04-22 05:43:18";0,7624421;2,429471
"2021-04-22 05:44:18";0,7606336;2,39945
"2021-04-22 05:45:18";0,7624421;2,37594
"2021-04-22 05:46:18";0,7620804;2,351346
"2021-04-22 05:47:18";0,7628038;2,329282
"2021-04-22 05:48:18";0,7628038;2,33724
"2021-04-22 05:49:18";0,7628038;2,330729
"2021-04-22 05:50:18";0,7628038;2,319517
"2021-04-22 05:51:18";0,7628038;2,305411
"2021-04-22 05:52:18";0,7628038;2,292028
"2021-04-22 05:53:18";0,7635272;2,279007
"2021-04-22 05:54:18";0,7638889;2,267072
"2021-04-22 05:55:18";0,7649739;2,254413
"2021-04-22 05:56:18";0,7656973;2,242839
"2021-04-22 05:57:18";0,7656973;2,232711
"2021-04-22 05:58:18";0,7656973;2,220052
"2021-04-22 05:59:18";0,7656973;2,210648
"2021-04-22 06:00:18";0,7664207;2,201244
"2021-04-22 06:01:18";0,7675058;2,192564
"2021-04-22 06:02:18";0,7671441;2,18316
"2021-04-22 06:03:18";0,7682291;2,174479
"2021-04-22 06:04:18";0,7682291;2,16616
"2021-04-22 06:05:18";0,7685909;2,157841
"2021-04-22 06:06:18";0,7685909;2,149523
"2021-04-22 06:07:18";0,7689525;2,143374
"2021-04-22 06:08:18";0,7689525;2,13614
"2021-04-22 06:09:18";0,7696759;2,131076
"2021-04-22 06:10:18";0,7703993;2,125651
"2021-04-22 06:11:18";0,770761;2,119864
"2021-04-22 06:12:18";0,770761;2,114077
"2021-04-22 06:13:18";0,7711227;2,110822
"2021-04-22 06:14:18";0,7714844;2,105758
"2021-04-22 06:15:18";0,7714844;2,101779
"2021-04-22 06:16:18";0,7722077;2,096354
"2021-04-22 06:17:18";0,7718461;2,091652
"2021-04-22 06:18:18";0,7725694;2,088397
"2021-04-22 06:19:18";0,7722077;2,083333
"2021-04-22 06:20:18";0,7729311;2,080078
"2021-04-22 06:21:18";0,7722077;2,076823
"2021-04-22 06:22:18";0,7740162;2,072483
"2021-04-22 06:23:18";0,7732928;2,068504
"2021-04-22 06:24:18";0,7743779;2,065972
"2021-04-22 06:25:18";0,7743779;2,062355
"2021-04-22 06:26:18";0,7743779;2,059462
"2021-04-22 06:27:18";0,7743779;2,056568
"2021-04-22 06:28:18";0,7743779;2,052951
"2021-04-22 06:29:18";0,7747396;2,049696
"2021-04-22 06:30:18";0,7743779;2,047164
"2021-04-22 06:31:18";0,7747396;2,044994
"2021-04-22 06:32:18";0,7751012;2,041739
"2021-04-22 06:33:18";0,7747396;2,039569
"2021-04-22 06:34:18";0,7754629;2,038122
"2021-04-22 06:35:18";0,7754629;2,036314
"2021-04-22 06:36:18";0,7761863;2,033782
"2021-04-22 06:37:18";0,7754629;2,032697
"2021-04-22 06:38:18";0,776548;2,030888
"2021-04-22 06:39:18";0,7772714;2,028718
"2021-04-22 06:40:18";0,7769097;2,027633
"2021-04-22 06:41:18";0,7769097;2,026186
"2021-04-22 06:42:18";0,7769097;2,024016
"2021-04-22 06:43:18";0,7772714;2,022208
"2021-04-22 06:44:18";0,7772714;2,021123
"2021-04-22 06:45:18";0,7772714;2,019314
"2021-04-22 06:46:18";0,7772714;2,016421
"2021-04-22 06:47:18";0,7772714;2,015697
"2021-04-22 06:48:18";0,7772714;2,013527
"2021-04-22 06:49:18";0,7776331;2,01208
"2021-04-22 06:50:18";0,7776331;2,010634
"2021-04-22 06:51:18";0,7772714;2,009187
"2021-04-22 06:52:18";0,7772714;2,007378
"2021-04-22 06:53:18";0,7779948;2,007017
"2021-04-22 06:54:18";0,7776331;2,00557
"2021-04-22 06:55:18";0,7787182;2,004847
"2021-04-22 06:56:18";0,7787182;2,003038
"2021-04-22 06:57:18";0,7772714;2,002315
"2021-04-22 06:58:18";0,7790799;2,001953
"2021-04-22 06:59:18";0,7776331;2,000506
"2021-04-22 07:00:17";0,7779948;1,99906
"2021-04-22 07:01:17";0,7787182;2,000145
"2021-04-22 07:02:17";0,7783565;1,998336
"2021-04-22 07:03:17";0,7783565;1,997975
"2021-04-22 07:04:17";0,7790799;1,997251
"2021-04-22 07:05:18";0,7798032;1,996166
"2021-04-22 07:06:18";0,7794415;1,995081
"2021-04-22 07:07:18";0,7801649;1,993634
"2021-04-22 07:08:18";0,7801649;1,993634
"2021-04-22 07:09:18";1,915509;2,022208
"2021-04-22 07:10:18";1,90068;2,056568
"2021-04-22 07:11:18";1,899957;2,070674
"2021-04-22 07:12:18";1,901403;2,076823
"2021-04-22 07:13:18";1,905744;2,082972
"2021-04-22 07:14:18";1,910446;2,086589
"2021-04-22 07:15:18";1,912616;2,088759
"2021-04-22 07:16:18";1,916594;2,090929
"2021-04-22 07:17:18";1,919488;2,092014
"2021-04-22 07:18:17";1,921658;2,092014
"2021-04-22 07:19:17";1,925275;2,093822
"2021-04-22 07:20:17";1,927807;2,094184
"2021-04-22 07:21:17";1,930339;2,094907
"2021-04-22 07:22:17";1,932509;2,094546
"2021-04-22 07:23:17";1,934679;2,095992
"2021-04-22 07:24:17";1,937572;2,094907
"2021-04-22 07:25:17";1,939381;2,094184
"2021-04-22 07:26:18";1,941551;2,094184
"2021-04-22 07:27:18";1,944083;2,093822
"2021-04-22 07:28:18";1,946615;2,094184
"2021-04-22 07:29:18";1,949508;2,093822
"2021-04-22 07:30:18";1,950955;2,094184
"2021-04-22 07:31:18";1,953125;2,093461
"2021-04-22 07:32:18";1,955657;2,092376
"2021-04-22 07:33:18";1,958189;2,092376
"2021-04-22 07:34:18";1,960359;2,091652
"2021-04-22 07:35:18";1,963614;2,091652
"2021-04-22 07:36:18";1,964699;2,090929
"2021-04-22 07:37:18";1,967954;2,090567
"2021-04-22 07:38:18";1,970124;2,089844
"2021-04-22 07:39:18";1,973018;2,090205
"2021-04-22 07:40:17";1,974103;2,08912
"2021-04-22 07:41:17";1,977358;2,08912
"2021-04-22 07:42:18";1,979167;2,08912
"2021-04-22 07:43:18";1,980975;2,088759
"2021-04-22 07:44:18";1,983507;2,087674
"2021-04-22 07:45:18";1,986039;2,088397
"2021-04-22 07:46:18";1,987486;2,086589
"2021-04-22 07:47:18";1,987486;2,08478
"2021-04-22 07:48:18";1,988571;2,083333
"2021-04-22 07:49:17";1,989294;2,082248
"2021-04-22 07:50:17";1,990379;2,082248
"2021-04-22 07:51:17";1,990741;2,080801
"2021-04-22 07:52:17";1,992549;2,080078
"2021-04-22 07:53:17";1,992188;2,079716
"2021-04-22 07:54:17";1,993996;2,078631
"2021-04-22 07:55:17";1,994358;2,077908
"2021-04-22 07:56:17";1,995443;2,077546
"2021-04-22 07:57:17";1,995804;2,076823
"2021-04-22 07:58:18";1,996889;2,076823
"2021-04-22 07:59:18";1,997975;2,076099
"2021-04-22 08:00:17";1,998336;2,076099
"2021-04-22 08:01:17";1,99906;2,074653
"2021-04-22 08:02:17";1,99906;2,074653
"2021-04-22 08:03:17";1,99906;2,074291
"2021-04-22 08:04:17";2,001591;2,073568
"2021-04-22 08:05:17";2,00123;2,073206
"2021-04-22 08:06:17";2,001591;2,073206
"2021-04-22 08:07:17";2,004847;2,073568
"2021-04-22 08:08:17";2,007378;2,073929
"2021-04-22 08:09:17";2,008464;2,073568
"2021-04-22 08:10:17";2,009187;2,073206
"2021-04-22 08:11:17";2,00991;2,071759
"2021-04-22 08:12:17";2,011357;2,071036
"2021-04-22 08:13:17";2,010995;2,070674
"2021-04-22 08:14:17";2,010272;2,070674
"2021-04-22 08:15:17";2,010634;2,068142
"2021-04-22 08:16:17";2,047164;2,075738
"2021-04-22 08:17:17";2,08695;2,092737
"2021-04-22 08:18:17";2,07827;2,098163
"2021-04-22 08:19:17";2,131438;2,121311
"2021-04-22 08:20:17";2,163628;2,218605
"2021-04-22 08:21:17";2,204861;2,302156
"2021-04-22 08:22:17";2,167969;2,33941
"2021-04-22 08:23:17";2,22186;2,334346
"2021-04-22 08:24:17";2,216435;2,344112
"2021-04-22 08:25:17";2,179543;2,346282
"2021-04-22 08:26:17";2,239945;2,360026
"2021-04-22 08:27:17";2,169054;2,366175
"2021-04-22 08:28:17";2,259476;2,354239
"2021-04-22 08:29:17";2,245732;2,332538
"2021-04-22 08:30:17";2,278284;2,322772
"2021-04-22 08:31:17";2,335793;2,341218
"2021-04-22 08:32:17";2,303602;2,336878
"2021-04-22 08:33:17";2,401982;2,343027
"2021-04-22 08:34:17";2,315538;2,362558
"2021-04-22 08:35:17";2,375579;2,347005
"2021-04-22 08:36:17";2,42513;2,342665
"2021-04-22 08:37:17";2,354601;2,348452
"2021-04-22 08:38:17";2,481192;2,357132
"2021-04-22 08:39:17";2,451172;2,358579
"2021-04-22 08:40:17";2,404514;2,377387
"2021-04-22 08:41:17";2,503255;2,375217
"2021-04-22 08:42:17";2,423322;2,397642
"2021-04-22 08:43:17";2,497468;2,396195
"2021-04-22 08:44:17";2,518446;2,412109
"2021-04-22 08:45:17";2,507234;2,413194
"2021-04-22 08:46:17";2,533637;2,417896
"2021-04-22 08:47:17";2,459129;2,424768
"2021-04-22 08:48:17";2,616826;2,419343
"2021-04-22 08:49:17";2,410663;2,426577
"2021-04-22 08:50:17";2,438513;2,431279
"2021-04-22 08:51:17";2,363643;2,423322
"2021-04-22 08:52:17";2,39294;2,42079
"2021-04-22 08:53:17";2,402344;2,426577
"2021-04-22 08:54:17";2,368706;2,413556
"2021-04-22 08:55:17";2,421513;2,407769
"2021-04-22 08:56:17";2,395833;2,401982
"2021-04-22 08:57:17";2,425853;2,405599
"2021-04-22 08:58:17";2,412471;2,394748
"2021-04-22 08:59:17";2,412833;2,39511
"2021-04-22 09:00:16";2,471065;2,388238
"2021-04-22 09:01:16";2,503255;2,400174
"2021-04-22 09:02:16";2,503978;2,408492
"2021-04-22 09:03:16";2,433811;2,409216
"2021-04-22 09:04:16";2,426577;2,416811
"2021-04-22 09:05:16";2,334708;2,430194
"2021-04-22 09:06:16";2,362196;2,441045
"2021-04-22 09:07:16";2,327836;2,463831
"2021-04-22 09:08:16";2,370877;2,481554
"2021-04-22 09:09:16";2,337963;2,489149
"2021-04-22 09:10:16";2,417173;2,492766
"2021-04-22 09:11:16";2,333623;2,498192
"2021-04-22 09:12:16";2,355324;2,50217
"2021-04-22 09:13:16";2,309389;2,499638
"2021-04-22 09:14:16";2,365451;2,49783
"2021-04-22 09:15:16";2,347728;2,50217
"2021-04-22 09:16:16";2,400897;2,497107
"2021-04-22 09:17:16";2,349175;2,486617
"2021-04-22 09:18:16";2,418982;2,49783
"2021-04-22 09:19:16";2,360388;2,486979
"2021-04-22 09:20:16";2,42079;2,492043
"2021-04-22 09:21:16";2,381366;2,491319
"2021-04-22 09:22:16";2,428747;2,497468
"2021-04-22 09:23:16";2,373409;2,500723
"2021-04-22 09:24:16";2,432002;2,500723
"2021-04-22 09:25:16";2,461299;2,501447
"2021-04-22 09:26:16";2,403429;2,495298
"2021-04-22 09:27:16";2,429471;2,49566
"2021-04-22 09:28:16";2,370153;2,496745
"2021-04-22 09:29:16";2,344473;2,501085
"2021-04-22 09:30:16";2,364005;2,498553
"2021-04-22 09:31:16";2,409216;2,493851
"2021-04-22 09:32:16";2,39077;2,5
"2021-04-22 09:33:16";2,399812;2,517723
"2021-04-22 09:34:16";2,406684;2,524233
"2021-04-22 09:35:16";2,357494;2,524595
"2021-04-22 09:36:16";2,412833;2,526403
"2021-04-22 09:37:16";2,352431;2,524595
"2021-04-22 09:38:16";2,355686;2,532914
"2021-04-22 09:39:16";2,299262;2,528212
"2021-04-22 09:40:16";2,381727;2,527488
"2021-04-22 09:41:16";2,311198;2,528935
"2021-04-22 09:42:16";2,36292;2,52785
"2021-04-22 09:43:16";2,314815;2,533275
"2021-04-22 09:44:16";2,287688;2,548466
"2021-04-22 09:45:16";2,322772;2,550998
"2021-04-22 09:46:16";2,342303;2,55136
"2021-04-22 09:47:16";2,270327;2,558594
"2021-04-22 09:48:16";2,328921;2,564381
"2021-04-22 09:49:16";2,282624;2,567274
"2021-04-22 09:50:16";2,323857;2,570891
"2021-04-22 09:51:16";2,297815;2,57487
"2021-04-22 09:52:16";2,34158;2,573785
"2021-04-22 09:53:16";2,353877;2,585359
"2021-04-22 09:54:16";2,255498;2,588614
"2021-04-22 09:55:16";2,333984;2,585721
"2021-04-22 09:56:16";2,250072;2,584997
"2021-04-22 09:57:16";2,311198;2,585359
"2021-04-22 09:58:16";2,23669;2,587891
"2021-04-22 09:59:16";2,311921;2,599826
"2021-04-22 10:00:16";2,268518;2,590784
"2021-04-22 10:01:16";2,331814;2,587891
"2021-04-22 10:02:16";2,276837;2,582827
"2021-04-22 10:03:16";2,34158;2,575955
"2021-04-22 10:04:16";2,313006;2,568359
"2021-04-22 10:05:16";2,348452;2,570891
"2021-04-22 10:06:16";2,295645;2,561487
"2021-04-22 10:07:16";2,354962;2,5557
"2021-04-22 10:08:16";2,2989;2,561487
"2021-04-22 10:09:16";2,285156;2,546658
"2021-04-22 10:10:16";2,285518;2,551722
"2021-04-22 10:11:16";2,221499;2,541956
"2021-04-22 10:12:16";2,264178;2,546658
"2021-04-22 10:13:16";2,19401;2,557509
"2021-04-22 10:14:16";2,279369;2,56004
"2021-04-22 10:15:16";2,225839;2,570168
"2021-04-22 10:16:16";2,293113;2,59621
"2021-04-22 10:17:16";2,238498;2,60489
"2021-04-22 10:18:16";2,29239;2,617188
"2021-04-22 10:19:16";2,243562;2,617188
"2021-04-22 10:20:16";2,248987;2,619358
"2021-04-22 10:21:16";2,278646;2,625506
"2021-04-22 10:22:16";2,229456;2,627315
"2021-04-22 10:23:16";2,287688;2,622613
"2021-04-22 10:24:16";2,173756;2,620081
"2021-04-22 10:25:16";2,256583;2,626953
"2021-04-22 10:26:16";2,183883;2,629123
"2021-04-22 10:27:16";2,270689;2,627315
"2021-04-22 10:28:16";2,149523;2,633102
"2021-04-22 10:29:16";2,221137;2,63708
"2021-04-22 10:30:16";2,140119;2,63708
"2021-04-22 10:31:16";2,21752;2,640336
"2021-04-22 10:32:16";2,165437;2,638527
"2021-04-22 10:33:16";2,200521;2,646123
"2021-04-22 10:34:16";2,127098;2,648293
"2021-04-22 10:35:16";2,205946;2,648293
"2021-04-22 10:36:16";2,147352;2,640336
"2021-04-22 10:37:16";2,203053;2,642867
"2021-04-22 10:38:16";2,129268;2,642144
"2021-04-22 10:39:16";2,195819;2,636719
"2021-04-22 10:40:16";2,122396;2,634187
"2021-04-22 10:41:16";2,12746;2,63057
"2021-04-22 10:42:16";2,134331;2,627676
"2021-04-22 10:43:16";2,080801;2,621889
"2021-04-22 10:44:16";2,128183;2,617188
"2021-04-22 10:45:16";2,086227;2,614294
"2021-04-22 10:46:16";2,152416;2,612485
"2021-04-22 10:47:16";2,092376;2,600188
"2021-04-22 10:48:16";2,153863;2,597656
"2021-04-22 10:49:16";2,122396;2,588252
"2021-04-22 10:50:16";2,095631;2,588252
"2021-04-22 10:51:16";2,202329;2,58138
"2021-04-22 10:52:16";2,145182;2,570529
"2021-04-22 10:53:16";2,113715;2,567636
"2021-04-22 10:54:16";2,171586;2,56004
"2021-04-22 10:55:16";2,096716;2,554253
"2021-04-22 10:56:16";2,067057;2,558594
"2021-04-22 10:57:16";2,111907;2,558955
"2021-04-22 10:58:16";2,098163;2,557147
"2021-04-22 10:59:16";2,051866;2,558594
"2021-04-22 11:00:15";2,101056;2,558594
"2021-04-22 11:01:15";2,105035;2,561849
"2021-04-22 11:02:15";2,072483;2,573423
"2021-04-22 11:03:15";2,073568;2,60272
"2021-04-22 11:04:15";2,046079;2,622974
"2021-04-22 11:05:15";2,097801;2,651548
"2021-04-22 11:06:15";2,062355;2,652633
"2021-04-22 11:07:15";2,137225;2,652633
"2021-04-22 11:08:15";2,064887;2,660952
"2021-04-22 11:09:15";2,111183;2,65408
"2021-04-22 11:10:15";2,071398;2,675781
"2021-04-22 11:11:15";2,101056;2,671441
"2021-04-22 11:12:15";2,008102;2,680121
"2021-04-22 11:13:15";2,039931;2,683377
"2021-04-22 11:14:15";2,047888;2,671803
"2021-04-22 11:15:15";2,037037;2,660228
"2021-04-22 11:16:15";2,041739;2,671803
"2021-04-22 11:17:15";1,986762;2,680845
"2021-04-22 11:18:15";2,05042;2,67759
"2021-04-22 11:19:15";1,996166;2,670717
"2021-04-22 11:20:15";2,051143;2,673973
"2021-04-22 11:21:15";2,042824;2,674696
"2021-04-22 11:22:15";2,057292;2,671079
"2021-04-22 11:23:15";2,035952;2,675781
"2021-04-22 11:24:15";2,057292;2,669271
"2021-04-22 11:25:15";2,069589;2,669632
"2021-04-22 11:26:15";2,0034;2,677951
"2021-04-22 11:27:15";2,029442;2,668909
"2021-04-22 11:28:15";1,969401;2,67759
"2021-04-22 11:29:15";2,034867;2,674696
"2021-04-22 11:30:15";1,950955;2,671803
"2021-04-22 11:31:15";2,020399;2,677951
"2021-04-22 11:32:15";1,950593;2,666016
"2021-04-22 11:33:15";2,013165;2,673973
"2021-04-22 11:34:15";1,958912;2,656973
"2021-04-22 11:35:15";2,016421;2,655888
"2021-04-22 11:36:15";1,959997;2,661675
"2021-04-22 11:37:15";2,020761;2,649016
"2021-04-22 11:38:15";1,977358;2,645399
"2021-04-22 11:39:15";2,006655;2,652271
"2021-04-22 11:40:15";2,014612;2,638527
"2021-04-22 11:41:15";1,964337;2,642867
"2021-04-22 11:42:15";1,979528;2,645399
"2021-04-22 11:43:15";1,920935;2,643591
"2021-04-22 11:44:15";1,993634;2,663122
"2021-04-22 11:45:15";1,916233;2,655165
"2021-04-22 11:46:15";1,985677;2,666377
"2021-04-22 11:47:15";1,92636;2,673973
"2021-04-22 11:48:15";1,948061;2,67759
"2021-04-22 11:49:15";1,955657;2,673611
"2021-04-22 11:50:15";1,937934;2,680483
"2021-04-22 11:51:15";1,909722;2,689164
"2021-04-22 11:52:15";1,91985;2,685547
"2021-04-22 11:53:15";1,943359;2,680121
"2021-04-22 11:54:15";1,941189;2,696036
"2021-04-22 11:55:15";1,961444;2,696759
"2021-04-22 11:56:15";1,89851;2,698568
"2021-04-22 11:57:15";1,952763;2,695313
"2021-04-22 11:58:15";1,884042;2,685547
"2021-04-22 11:59:15";1,931424;2,694589
"2021-04-22 12:00:15";1,872106;2,689164
"2021-04-22 12:01:15";1,924551;2,694589
"2021-04-22 12:02:15";1,868851;2,703993
"2021-04-22 12:03:14";1,878979;2,700738
"2021-04-22 12:04:14";1,87283;2,702185
"2021-04-22 12:05:14";1,860171;2,705078
"2021-04-22 12:06:14";1,90285;2,70978
"2021-04-22 12:07:14";1,833406;2,719546
"2021-04-22 12:08:14";1,914063;2,720631
"2021-04-22 12:09:14";1,848958;2,718822
"2021-04-22 12:10:14";1,907552;2,721354
"2021-04-22 12:11:14";1,899957;2,720992
"2021-04-22 12:12:15";1,863788;2,721354
"2021-04-22 12:13:15";1,89851;2,715929
"2021-04-22 12:14:15";1,833767;2,725333
"2021-04-22 12:15:15";1,873553;2,713397
"2021-04-22 12:16:15";1,832682;2,715567
"2021-04-22 12:17:15";1,892361;2,706525
"2021-04-22 12:18:15";1,832682;2,700376
"2021-04-22 12:19:15";1,818576;2,713759
"2021-04-22 12:20:15";1,854745;2,714482
"2021-04-22 12:21:15";1,847512;2,692419
"2021-04-22 12:22:15";1,886212;2,699291
"2021-04-22 12:23:15";1,820023;2,696036
"2021-04-22 12:24:15";1,89634;2,692057
"2021-04-22 12:25:15";1,855107;2,68844
"2021-04-22 12:26:14";1,863064;2,685547
"2021-04-22 12:27:14";1,886936;2,683738
"2021-04-22 12:28:14";1,814236;2,687355
"2021-04-22 12:29:14";1,858362;2,685185
"2021-04-22 12:30:14";1,842086;2,673249
"2021-04-22 12:31:14";1,789279;2,679398
"2021-04-22 12:32:14";1,841725;2,682653
"2021-04-22 12:33:14";1,788556;2,684824
"2021-04-22 12:34:15";1,754919;2,682653
"2021-04-22 12:35:15";1,802662;2,692057
"2021-04-22 12:36:15";1,759621;2,677228
"2021-04-22 12:37:15";1,787833;2,682292
"2021-04-22 12:38:15";1,786386;2,674696
"2021-04-22 12:39:15";1,747324;2,675781
"2021-04-22 12:40:15";1,834491;2,680121
"2021-04-22 12:41:15";1,803024;2,67976
"2021-04-22 12:42:15";1,818576;2,68627
"2021-04-22 12:43:15";1,795428;2,692057
"2021-04-22 12:44:15";1,759621;2,700376
"2021-04-22 12:45:15";1,805917;2,706887
"2021-04-22 12:46:15";1,779514;2,71195
"2021-04-22 12:47:14";1,726345;2,712312
"2021-04-22 12:48:14";1,793258;2,702546
"2021-04-22 12:49:14";1,729239;2,703993
"2021-04-22 12:50:14";1,708261;2,70761
"2021-04-22 12:51:14";1,781684;2,702185
"2021-04-22 12:52:14";1,690538;2,718822
"2021-04-22 12:53:14";1,762876;2,709057
"2021-04-22 12:54:14";1,71441;2,718099
"2021-04-22 12:55:15";1,761791;2,708695
"2021-04-22 12:56:15";1,755281;2,717376
"2021-04-22 12:57:15";1,732132;2,71412
"2021-04-22 12:58:15";1,791088;2,704355
"2021-04-22 12:59:15";1,754919;2,709418
"2021-04-22 13:00:14";1,694517;2,711227
"2021-04-22 13:01:14";1,762876;2,714844
"2021-04-22 13:02:14";1,708261;2,70978
"2021-04-22 13:03:14";1,68656;2,718099
"2021-04-22 13:04:14";1,723814;2,71412
"2021-04-22 13:05:14";1,69524;2,712312
"2021-04-22 13:06:14";1,708984;2,706163
"2021-04-22 13:07:14";1,711516;2,715929
"2021-04-22 13:08:14";1,691262;2,717737
"2021-04-22 13:09:14";1,673177;2,711227
"2021-04-22 13:10:14";1,731409;2,703631
"2021-04-22 13:11:14";1,726707;2,70761
"2021-04-22 13:12:14";1,706091;2,692419
"2021-04-22 13:13:14";1,760344;2,696036
"2021-04-22 13:14:14";1,71875;2,68844
"2021-04-22 13:15:14";1,680049;2,683377
"2021-04-22 13:16:14";1,725622;2,680483
"2021-04-22 13:17:14";1,667752;2,685185
"2021-04-22 13:18:14";1,662326;2,685909
"2021-04-22 13:19:14";1,68873;2,683377
"2021-04-22 13:20:14";1,66739;2,682292
"2021-04-22 13:21:14";1,637008;2,677228
"2021-04-22 13:22:14";1,680411;2,680121
"2021-04-22 13:23:14";1,671007;2,668186
"2021-04-22 13:24:14";1,621094;2,684462
"2021-04-22 13:25:14";1,698857;2,667824
"2021-04-22 13:26:14";1,672454;2,67759
"2021-04-22 13:27:14";1,640625;2,67976
"2021-04-22 13:28:14";1,704644;2,678675
"2021-04-22 13:29:14";1,679688;2,67976
"2021-04-22 13:30:14";1,631944;2,681206
"2021-04-22 13:31:14";1,638455;2,6841
"2021-04-22 13:32:14";1,655093;2,680483
"2021-04-22 13:33:14";1,627966;2,684462
"2021-04-22 13:34:14";1,593967;2,684824
"2021-04-22 13:35:14";1,644604;2,689164
"2021-04-22 13:36:14";1,625072;2,695313
"2021-04-22 13:37:14";1,580584;2,703631
"2021-04-22 13:38:14";1,646412;2,700014
"2021-04-22 13:39:14";1,62037;2,702546
"2021-04-22 13:40:14";1,582393;2,707248
"2021-04-22 13:41:14";1,652199;2,706525
"2021-04-22 13:42:14";1,621817;2,697844
"2021-04-22 13:43:14";1,607711;2,703631
"2021-04-22 13:44:14";1,63737;2,706525
"2021-04-22 13:45:14";1,650391;2,704355
"2021-04-22 13:46:14";1,599392;2,706525
"2021-04-22 13:47:14";1,576968;2,70327
"2021-04-22 13:48:14";1,598669;2,704355
"2021-04-22 13:49:14";1,61169;2,713035
"2021-04-22 13:50:14";1,593244;2,715929
"2021-04-22 13:51:14";1,571181;2,696036
"2021-04-22 13:52:14";1,602648;2,700738
"2021-04-22 13:53:14";1,604094;2,703631
"2021-04-22 13:54:14";1,568287;2,701461
"2021-04-22 13:55:14";1,599754;2,696036
"2021-04-22 13:56:14";1,621094;2,692057
"2021-04-22 13:57:14";1,595775;2,690249
"2021-04-22 13:58:14";1,603733;2,692057
"2021-04-22 13:59:14";1,649667;2,680483
"2021-04-22 14:00:14";1,595414;2,67759
"2021-04-22 14:01:14";1,572989;2,689164
"2021-04-22 14:02:14";1,545862;2,68627
"2021-04-22 14:03:14";1,574074;2,683377
"2021-04-22 14:04:14";1,58818;2,684462
"2021-04-22 14:05:14";1,548032;2,680483
"2021-04-22 14:06:14";1,55816;2,684824
"2021-04-22 14:07:14";1,587457;2,681568
"2021-04-22 14:08:14";1,555628;2,684824
"2021-04-22 14:09:14";1,546586;2,67542
"2021-04-22 14:10:14";1,575521;2,669994
"2021-04-22 14:11:14";1,593967;2,675058
"2021-04-22 14:12:14";1,574436;2,667101
"2021-04-22 14:13:14";1,580584;2,663846
"2021-04-22 14:14:14";1,608435;2,661675
"2021-04-22 14:15:14";1,582031;2,652271
"2021-04-22 14:16:14";1,53248;2,66059
"2021-04-22 14:17:14";1,582755;2,660228
"2021-04-22 14:18:14";1,550564;2,657335
"2021-04-22 14:19:14";1,505353;2,660228
"2021-04-22 14:20:14";1,531395;2,664931
"2021-04-22 14:21:14";1,551288;2,658058
"2021-04-22 14:22:14";1,522352;2,660228
"2021-04-22 14:23:14";1,507885;2,659143
"2021-04-22 14:24:14";1,51331;2,657697
"2021-04-22 14:25:14";1,553458;2,651548
"2021-04-22 14:26:14";1,547671;2,657697
"2021-04-22 14:27:14";1,516204;2,657697
"2021-04-22 14:28:14";1,515119;2,662399
"2021-04-22 14:29:14";1,563585;2,660952
"2021-04-22 14:30:14";1,531756;2,666016
"2021-04-22 14:31:14";1,491247;2,667462
"2021-04-22 14:32:14";1,520544;2,677951
"2021-04-22 14:33:14";1,533926;2,670717
"2021-04-22 14:34:14";1,474248;2,663122
"2021-04-22 14:35:14";1,502821;2,663846
"2021-04-22 14:36:14";1,498843;2,657697
"2021-04-22 14:37:14";1,486545;2,657335
"2021-04-22 14:38:14";1,501736;2,657335
"2021-04-22 14:39:14";1,530671;2,660228
"2021-04-22 14:40:14";1,50897;2,662037
"2021-04-22 14:41:14";1,489439;2,663846
"2021-04-22 14:42:14";1,533203;2,669271
"2021-04-22 14:43:14";1,553819;2,671803
"2021-04-22 14:44:14";1,50463;2,672888
"2021-04-22 14:45:14";1,505353;2,676143
"2021-04-22 14:46:14";1,539352;2,674696
"2021-04-22 14:47:14";1,522714;2,667462
"2021-04-22 14:48:14";1,477503;2,674696
"2021-04-22 14:49:14";1,458695;2,668909
"2021-04-22 14:50:14";1,477865;2,667462
"2021-04-22 14:51:14";1,512587;2,664569
"2021-04-22 14:52:14";1,500289;2,668547
"2021-04-22 14:53:14";1,474609;2,665654
"2021-04-22 14:54:14";1,45544;2,66276
"2021-04-22 14:55:14";1,519459;2,659143
"2021-04-22 14:56:14";1,495949;2,661314
"2021-04-22 14:57:14";1,495226;2,665654
"2021-04-22 14:58:14";1,507523;2,670717
"2021-04-22 14:59:14";1,539714;2,673249
"2021-04-22 15:00:13";1,480035;2,671803
"2021-04-22 15:01:13";1,461227;2,668909
"2021-04-22 15:02:13";1,444589;2,672164
"2021-04-22 15:03:13";1,490524;2,672888
"2021-04-22 15:04:13";1,489439;2,66276
"2021-04-22 15:05:13";1,4511;2,673249
"2021-04-22 15:06:13";1,443866;2,674696
"2021-04-22 15:07:13";1,492332;2,668909
"2021-04-22 15:08:13";1,474248;2,665654
"2021-04-22 15:09:13";1,444589;2,667824
"2021-04-22 15:10:13";1,510055;2,653357
"2021-04-22 15:11:13";1,503545;2,647931
"2021-04-22 15:12:13";1,473886;2,639251
"2021-04-22 15:13:13";1,539714;2,63274
"2021-04-22 15:14:13";1,501374;2,628038
"2021-04-22 15:15:13";1,461227;2,625506
"2021-04-22 15:16:13";1,498481;2,620443
"2021-04-22 15:17:13";1,444589;2,621166
"2021-04-22 15:18:13";1,427228;2,630932
"2021-04-22 15:19:13";1,477865;2,639974
"2021-04-22 15:20:13";1,476779;2,645761
"2021-04-22 15:21:13";1,4511;2,649378
"2021-04-22 15:22:13";1,5068;2,650825
"2021-04-22 15:23:13";1,489439;2,64974
"2021-04-22 15:24:13";1,469907;2,651548
"2021-04-22 15:25:13";1,529948;2,652271
"2021-04-22 15:26:13";1,507161;2,653718
"2021-04-22 15:27:13";1,548394;2,65191
"2021-04-22 15:28:13";1,542245;2,651186
"2021-04-22 15:29:13";1,4898;2,650825
"2021-04-22 15:30:13";1,555266;2,649016
"2021-04-22 15:31:13";1,50897;2,650101
"2021-04-22 15:32:13";1,475694;2,651548
"2021-04-22 15:33:13";1,558883;2,651548
"2021-04-22 15:34:13";1,486183;2,651186
"2021-04-22 15:35:13";1,529225;2,649378
"2021-04-22 15:36:13";1,529948;2,649378
"2021-04-22 15:37:13";1,494141;2,651548
"2021-04-22 15:38:13";1,531756;2,651548
"2021-04-22 15:39:13";1,495226;2,65191
"2021-04-22 15:40:13";1,46629;2,65191
"2021-04-22 15:41:13";1,547671;2,651548
"2021-04-22 15:42:13";1,519459;2,652271
"2021-04-22 15:43:13";1,541522;2,646846
"2021-04-22 15:44:13";1,546947;2,645761
"2021-04-22 15:45:13";1,500289;2,645761
"2021-04-22 15:46:13";1,510055;2,646484
"2021-04-22 15:47:13";1,522352;2,643953
"2021-04-22 15:48:13";1,491247;2,644314
"2021-04-22 15:49:13";1,527778;2,643229
"2021-04-22 15:50:13";1,539714;2,640336
"2021-04-22 15:51:13";1,500289;2,637442
"2021-04-22 15:52:13";1,502459;2,634549
"2021-04-22 15:53:13";1,545139;2,633102
"2021-04-22 15:54:13";1,507523;2,631655
"2021-04-22 15:55:13";1,482928;2,6284
"2021-04-22 15:56:13";1,510778;2,632378
"2021-04-22 15:57:13";0,9425637;2,643591
"2021-04-22 15:58:13";0,7537616;2,594039
"2021-04-22 15:59:13";0,7537616;2,556424
"2021-04-22 16:00:12";0,7541233;2,527488
"2021-04-22 16:01:12";0,7537616;2,510127
"2021-04-22 16:02:12";0,7541233;2,505425
"2021-04-22 16:03:12";0,7541233;2,495298
"2021-04-22 16:04:12";0,7541233;2,483001
"2021-04-22 16:05:12";0,7541233;2,472512
"2021-04-22 16:06:12";0,754485;2,463108
"2021-04-22 16:07:12";0,7541233;2,451534
"2021-04-22 16:08:12";0,7548466;2,441045
"2021-04-22 16:09:12";0,7559317;2,432364
"2021-04-22 16:10:12";0,7559317;2,421152
"2021-04-22 16:11:12";0,7570168;2,412471
"2021-04-22 16:12:12";0,7562934;2,403429
"2021-04-22 16:13:12";0,7562934;2,395472
"2021-04-22 16:14:12";0,7566551;2,388238
"2021-04-22 16:15:12";0,7570168;2,379919
"2021-04-22 16:16:12";0,7570168;2,372324
"2021-04-22 16:17:12";0,7570168;2,364728
"2021-04-22 16:18:12";0,7570168;2,357132
"2021-04-22 16:19:12";0,7577401;2,349537
"2021-04-22 16:20:12";0,7577401;2,343388
"2021-04-22 16:21:12";0,7591869;2,336878
"2021-04-22 16:22:12";0,7588252;2,331091
"2021-04-22 16:23:12";0,7591869;2,324942
"2021-04-22 16:24:12";0,7599103;2,319517
"2021-04-22 16:25:12";0,7599103;2,312283
"2021-04-22 16:26:12";0,7599103;2,305411
"2021-04-22 16:27:12";0,760272;2,300709
"2021-04-22 16:28:12";0,7599103;2,294922
"2021-04-22 16:29:12";0,7599103;2,290581
"2021-04-22 16:30:12";0,7599103;2,28805
"2021-04-22 16:31:12";0,7599103;2,285156
"2021-04-22 16:32:12";0,7613571;2,280092
"2021-04-22 16:33:12";0,7613571;2,275391
"2021-04-22 16:34:12";0,7620804;2,270327
"2021-04-22 16:35:12";0,7620804;2,265625
"2021-04-22 16:36:12";0,7620804;2,26237
"2021-04-22 16:37:12";0,7624421;2,258391
"2021-04-22 16:38:12";0,7624421;2,254413
"2021-04-22 16:39:12";0,7628038;2,250072
"2021-04-22 16:40:12";0,7628038;2,245009
"2021-04-22 16:41:12";0,7628038;2,24103
"2021-04-22 16:42:12";0,7628038;2,237775
